AAA,-17.3526,-145.5100
AAB,-26.6964,141.0487
AAC,31.0553,33.8280
AAD,6.0958,46.6375
AAE,36.8268,7.8133
AAF,29.7275,-85.0275
AAH,50.8231,6.1864
AAI,-13.0252,-46.8841
AAJ,3.8987,-55.5779
AAK,0.1853,173.6370
AAL,57.0948,9.8499
AAM,-24.8169,31.5441
AAN,24.2617,55.6092
AAO,9.4302,-64.4707
AAP,-0.3745,117.2501
AAQ,45.0021,37.3473
AAR,56.3033,10.6183
AAS,-3.8825,139.3109
AAT,47.7499,88.0858
AAU,-13.5051,-172.6279
AAV,6.3679,124.7524
AAX,-19.5632,-46.9604
AAY,16.1933,52.1742
AAZ,14.8656,-91.5020
ABA,53.7400,91.3850
ABB,6.2042,6.6653
ABC,38.9485,-1.8635
ABD,30.3679,48.2301
ABE,40.6518,-75.4428
ABF,1.7986,173.0410
ABG,-17.6088,143.1835
ABH,-23.6528,146.5827
ABI,32.4113,-99.6819
ABJ,5.2614,-3.9263
ABK,6.7326,44.2413
ABL,67.1055,-157.8553
ABM,-10.9462,142.4551
ABN,5.5127,-54.0501
ABO,5.4619,-3.2347
ABP,-6.0646,141.0952
ABQ,35.0400,-106.6089
ABR,45.4491,-98.4218
ABS,22.3759,31.6117
ABT,20.2985,41.6362
ABU,-9.0748,124.9033
ABV,9.0068,7.2632
ABX,-36.0668,146.9591
ABY,31.5329,-84.1962
ABZ,57.2019,-2.1978
ACA,16.7571,-99.7531
ACB,44.9886,-85.1984
ACC,5.6052,-0.1668
ACD,8.4978,-77.2741
ACE,28.9455,-13.6052
ACF,40.4347,81.2621
ACH,47.4850,9.5608
ACI,49.7061,-2.2147
ACJ,8.3015,80.4285
ACK,41.2531,-70.0602
ACM,-2.1437,-71.7593
ACN,29.3337,-101.1006
ACO,9.6934,-85.0912
ACP,37.3480,46.1279
ACR,-0.6009,-72.3980
ACS,56.2692,90.5751
ACT,31.6113,-97.2305
ACU,9.1885,-77.9942
ACV,40.9781,-124.1090
ACX,25.0834,104.9608
ACY,39.4562,-74.5775
ACZ,31.0983,61.5439
ADA,36.9822,35.2804
ADB,38.2924,27.1570
ADC,-7.1372,145.7447
ADD,8.9779,38.7993
ADE,12.8296,45.0300
ADF,37.7314,38.4689
ADG,41.8662,-84.0780
ADH,58.6028,125.4090
ADI,-22.4619,14.9793
ADJ,31.9727,35.9916
ADK,51.8836,-176.6428
ADL,-34.9475,138.5334
ADM,34.3030,-97.0196
ADO,-30.4383,137.1370
ADP,7.3367,81.6239
ADQ,57.7500,-152.4940
ADR,33.4517,-79.5262
ADS,32.9686,-96.8364
ADT,34.8052,-96.6720
ADU,38.3257,48.4244
ADV,11.4023,26.1186
ADW,38.8108,-76.8670
ADX,56.3740,-2.8689
ADY,-22.6790,29.0555
ADZ,12.5836,-81.7112
AEA,0.4908,173.8303
AEB,23.7206,106.9600
AEE,10.0536,32.9594
AEG,1.4001,99.4305
AEH,13.8470,20.8443
AEK,-7.3508,146.1940
AEL,43.6815,-93.3672
AEM,45.8413,137.6736
AEO,16.7113,-9.6379
AEP,-34.5594,-58.4155
AEQ,43.9084,120.1510
AER,43.4499,39.9566
AES,62.5604,6.1108
AET,66.5518,-152.6220
AEU,25.8757,55.0330
AEX,31.3258,-92.5467
AEY,65.6566,-18.0720
AFA,-34.5883,-68.4039
AFD,-33.5551,26.8817
AFF,38.9725,-104.8211
AFI,6.8950,-75.0473
AFK,7.2840,81.6440
AFL,-9.8664,-56.1063
AFN,42.8051,-72.0030
AFO,42.7112,-110.9420
AFR,-9.1387,148.3907
AFS,41.6138,64.2330
AFT,-9.1914,160.9486
AFW,32.9904,-97.3195
AFY,38.7264,30.6011
AFZ,36.1681,57.5952
AGA,30.3225,-9.4120
AGB,48.4253,10.9317
AGC,40.3544,-79.9302
AGD,-1.3858,133.8737
AGE,53.7825,7.9196
AGF,44.1742,0.5931
AGG,-4.0571,144.0738
AGH,56.2961,12.8471
AGI,5.8413,-56.6732
AGJ,26.5928,127.2403
AGK,-6.3964,143.8536
AGL,-9.3375,149.1556
AGM,65.6123,-37.6183
AGN,57.4971,-134.5672
AGO,33.2280,-93.2170
AGP,36.6749,-4.4991
AGR,27.1580,77.9610
AGS,33.3699,-81.9645
AGT,-25.4572,-54.8395
AGU,21.6996,-102.3184
AGV,9.5534,-69.2379
AGW,-12.1456,142.1494
AGX,10.8237,72.1760
AGZ,-29.2818,18.8139
AHA,22.9875,83.1961
AHB,18.2404,42.6566
AHC,40.2662,-120.1530
AHD,34.1470,-97.1227
AHE,-14.4281,-146.2570
AHF,40.3416,-99.9078
AHG,-10.3731,56.6098
AHH,45.2811,-92.3754
AHI,-3.3479,128.9271
AHJ,32.5315,102.3522
AHL,2.4740,-59.3208
AHM,42.1903,-122.6606
AHN,33.9488,-83.3256
AHO,40.6321,8.2908
AHS,15.4722,-84.3522
AHU,35.1771,-3.8395
AHY,-20.0158,45.5350
AHZ,45.0874,6.0836
AIA,42.0525,-102.8040
AIC,7.2794,168.8257
AID,40.1086,-85.6130
AIE,-5.1457,144.7307
AIF,-22.6386,-50.4560
AIG,6.5200,23.2600
AIH,-7.3428,141.2675
AII,11.1469,42.7200
AIK,33.6494,-81.6850
AIL,9.2226,-78.0236
AIM,10.2168,169.9830
AIN,70.6380,-159.9950
AIO,41.4073,-95.0469
AIP,31.4338,75.7588
AIR,-10.1874,-59.4575
AIS,-2.6162,176.8022
AIT,-18.8309,-159.7640
AIU,-19.9678,-158.1190
AIV,33.1065,-88.1978
AIW,-27.9950,17.5966
AIY,-16.8516,-42.0456
AIZ,38.0960,-92.5495
AJA,41.9236,8.8029
AJF,29.7833,40.1009
AJI,39.6556,43.0257
AJJ,19.7280,-14.3772
AJK,34.1381,49.8473
AJL,23.8406,92.6197
AJN,-12.1310,44.4300
AJR,65.5903,19.2819
AJS,26.7272,-113.5590
AJU,-10.9839,-37.0729
AJY,16.9660,8.0001
AKA,32.7570,108.8734
AKB,52.2203,-174.2060
AKC,41.0374,-81.4678
AKD,20.6989,77.0569
AKE,-1.1397,13.9036
AKF,24.1787,23.3140
AKG,-3.5605,142.2173
AKH,24.0627,47.5805
AKI,60.9026,-161.2311
AKJ,43.6708,142.4470
AKK,56.9387,-154.1830
AKL,-37.0120,174.7863
AKM,10.8903,19.8172
AKN,58.6778,-156.6520
AKO,40.1756,-103.2220
AKP,68.1336,-151.7430
AKQ,-4.6116,105.2320
AKR,7.2467,5.3010
AKS,-8.7026,160.6820
AKT,34.5904,32.9879
AKU,41.2625,80.2917
AKV,60.8186,-78.1486
AKW,30.7444,49.6772
AKX,50.2481,57.2041
AKY,20.1332,92.8707
ALA,43.3543,77.0428
ALB,42.7483,-73.8017
ALC,38.2822,-0.5582
ALD,-11.6502,-69.2296
ALE,30.3842,-103.6840
ALF,69.9761,23.3717
ALG,36.6939,3.2145
ALH,-34.9433,117.8089
ALI,27.7409,-98.0269
ALJ,-28.5750,16.5333
ALM,32.8378,-105.9931
ALN,38.8903,-90.0460
ALO,42.5571,-92.4003
ALP,36.1813,37.2269
ALQ,-29.8116,-55.8947
ALR,-45.2105,169.3711
ALS,37.4349,-105.8670
ALT,-1.9170,-54.7231
ALU,11.9582,50.7480
ALV,42.5112,1.5336
ALW,46.0949,-118.2880
ALX,32.9147,-85.9630
ALZ,56.8973,-154.2497
AMA,35.2179,-101.7064
AMB,-13.1884,48.9880
AMC,11.0340,20.2740
AMD,23.0772,72.6347
AME,-15.6103,37.6814
AMF,-4.1011,141.6700
AMH,6.0394,37.5905
AMJ,-16.1656,-40.6840
AMK,37.2032,-107.8690
AML,8.2677,-82.8645
AMM,31.7226,35.9932
AMN,43.3221,-84.6880
AMO,14.1456,15.3144
AMP,-24.6997,44.7342
AMQ,-3.7103,128.0890
AMS,52.3086,4.7639
AMT,-26.0974,131.2027
AMU,-3.5860,141.2143
AMV,69.7637,61.5567
AMW,41.9920,-93.6218
AMX,-21.7383,135.2420
AMY,-17.6867,45.6239
AMZ,-37.0297,174.9730
ANA,-1.2716,34.9547
ANB,33.5882,-85.8581
ANC,61.1790,-149.9926
AND,34.4946,-82.7094
ANE,47.5603,-0.3122
ANF,-23.4453,-70.4452
ANG,45.7292,0.2215
ANI,61.5816,-159.5430
ANJ,-2.8467,13.8212
ANK,39.9498,32.6886
ANL,-11.4723,16.7109
ANM,-14.9994,50.3202
ANN,55.0377,-131.5726
ANO,-16.1819,39.9452
ANP,38.9429,-76.5684
ANQ,41.6397,-85.0835
ANR,51.1907,4.4632
ANS,-13.7064,-73.3504
ANT,47.1196,10.2405
ANU,17.1367,-61.7927
ANV,62.6467,-160.1910
ANW,42.5792,-99.9930
ANX,69.2952,16.1394
ANY,37.1585,-98.0796
ANZ,-25.0325,132.2748
AOB,-4.9042,144.6358
AOC,50.9819,12.5064
AOD,11.4773,19.2874
AOE,39.8116,30.5193
AOG,41.1053,122.8540
AOH,40.7069,-84.0267
AOI,43.6163,13.3623
AOJ,40.7338,140.6895
AOK,35.4214,27.1460
AOL,-29.6894,-57.1521
AOM,22.4919,57.3839
AOO,40.2964,-78.3200
AOP,-2.7961,-76.4666
AOQ,72.8870,-55.5963
AOR,6.1897,100.3980
AOS,57.4715,-153.8150
AOT,45.7386,7.3683
AOU,14.7931,107.0453
APA,39.5701,-104.8490
APB,-14.7356,-68.4119
APC,38.2132,-122.2810
APD,-4.4596,120.3104
APF,26.1526,-81.7753
APG,39.4662,-76.1688
APH,38.0686,-77.3193
API,4.0761,-73.5627
APJ,30.3979,81.1332
APK,-15.5736,-146.4150
APL,-15.1056,39.2818
APN,45.0781,-83.5603
APO,7.8120,-76.7164
APP,-8.9792,148.1036
APQ,-9.7766,-36.6290
APR,-4.6767,142.5401
APS,-16.3636,-48.9288
APT,35.0607,-85.5853
APU,-23.6091,-51.3843
APV,34.5753,-117.1860
APW,-13.8300,-172.0080
APX,-23.3526,-51.4920
APY,-9.0853,-45.9556
APZ,-38.9755,-70.1136
AQA,-21.8120,-48.1330
AQB,15.0122,-91.1506
AQG,30.5822,117.0500
AQI,28.3357,46.1271
AQJ,29.6116,35.0181
AQM,-9.8804,-63.0471
AQP,-16.3408,-71.5695
AQY,60.9688,-149.1198
ARA,30.0378,-91.8839
ARB,42.2230,-83.7456
ARC,68.1147,-145.5790
ARD,-8.1323,124.5970
ARE,18.4508,-66.6758
ARF,0.5333,-70.1333
ARG,36.1247,-90.9251
ARH,64.6003,40.7167
ARI,-18.3485,-70.3387
ARK,-3.3678,36.6333
ARL,11.5970,1.4830
ARM,-30.5281,151.6170
ARN,59.6485,17.9288
ARO,8.8551,-76.4227
ARP,-9.8833,149.4833
ARQ,7.0211,-71.3889
ARR,-45.0136,-70.8122
ARS,-15.8994,-52.2411
ART,43.9919,-76.0217
ARU,-21.1415,-50.4246
ARV,45.9279,-89.7309
ARW,46.1761,21.2643
ARX,-4.5689,-37.8051
ARY,-37.3100,142.9887
ARZ,-7.2593,12.8624
ASA,13.0718,42.6450
ASB,37.9868,58.3610
ASC,-15.9334,-63.1556
ASD,24.6979,-77.7956
ASE,39.2232,-106.8690
ASF,46.2828,48.0105
ASG,-43.9033,171.7970
ASH,42.7817,-71.5148
ASI,-7.9702,-14.3927
ASJ,28.4306,129.7130
ASK,6.9032,-5.3656
ASL,32.5205,-94.3078
ASM,15.2919,38.9107
ASN,33.5699,-86.0509
ASO,10.0185,34.5863
ASP,-23.8066,133.9034
ASQ,39.4677,-117.1976
ASR,38.7704,35.4954
ASS,-24.7405,31.5180
AST,46.1580,-123.8790
ASU,-25.2402,-57.5192
ASV,-2.6448,37.2529
ASW,23.9611,32.8204
ASX,46.5485,-90.9190
ASY,46.0239,-99.3526
ASZ,-6.0097,150.3686
ATA,-9.3474,-77.5984
ATB,17.7099,34.0572
ATC,24.6294,-75.6738
ATD,-8.8733,161.0110
ATE,34.1926,-95.6499
ATF,-1.2121,-78.5746
ATG,33.8691,72.4009
ATH,37.9364,23.9445
ATI,-30.4007,-56.5079
ATJ,-19.8392,47.0637
ATK,70.4670,-157.4360
ATL,33.6367,-84.4281
ATM,-3.2531,-52.2539
ATN,-3.6695,152.4380
ATO,39.2118,-82.2295
ATP,-3.1436,142.3468
ATQ,31.7096,74.7973
ATR,20.5058,-13.0437
ATS,32.8525,-104.4680
ATT,60.8667,-162.2730
ATU,52.8298,173.1738
ATV,13.2398,18.3159
ATW,44.2585,-88.5190
ATX,51.8523,68.3669
ATY,44.9140,-97.1547
ATZ,27.0460,31.0128
AUA,12.5011,-70.0143
AUC,7.0689,-70.7369
AUD,-18.5087,139.8821
AUE,28.8997,33.2021
AUF,47.8502,3.4971
AUG,44.3206,-69.7973
AUH,24.4410,54.6492
AUI,-1.4606,143.0647
AUJ,-4.2157,142.8232
AUK,62.6827,-164.7225
AUL,8.1453,171.1730
AUM,43.6650,-92.9334
AUN,38.9548,-121.0820
AUO,32.6151,-85.4340
AUP,-9.9277,149.3900
AUQ,-9.7688,-139.0110
AUR,44.8914,2.4219
AUS,30.1975,-97.6620
AUT,-8.2431,125.6064
AUU,-13.3540,141.7200
AUV,-5.7311,148.4453
AUW,44.9262,-89.6266
AUX,-7.2279,-48.2405
AUY,-20.2491,169.7708
AUZ,41.7719,-88.4757
AVA,26.2606,105.8733
AVB,46.0319,12.5965
AVG,-15.6906,130.0088
AVI,22.0271,-78.7896
AVK,46.2503,102.8020
AVL,35.4355,-82.5419
AVN,43.9073,4.9018
AVO,27.5912,-81.5278
AVP,41.3371,-75.7242
AVR,20.8146,77.7178
AVU,-9.8683,160.4106
AVV,-38.0403,144.4672
AVW,32.4091,-111.2162
AVX,33.4049,-118.4160
AWA,7.1006,38.3965
AWB,-8.0134,142.7521
AWD,-19.2346,169.6009
AWE,-0.5450,9.4440
AWK,19.2824,166.6366
AWM,35.1351,-90.2344
AWN,-26.4890,139.2599
AWP,-20.5000,137.7500
AWR,-4.1223,144.8533
AWZ,31.3364,48.7638
AXA,18.2048,-63.0538
AXB,44.3120,-75.9003
AXC,-22.9579,145.2495
AXD,40.8559,25.9563
AXE,-26.8751,-52.3729
AXF,38.7483,105.5842
AXG,43.0781,-94.2718
AXJ,32.4825,130.1590
AXK,14.5513,46.8262
AXL,-19.0602,136.7100
AXM,4.4528,-75.7664
AXN,45.8663,-95.3947
AXO,-8.2448,124.2191
AXP,22.4418,-73.9709
AXR,-15.2483,-146.6170
AXS,34.6980,-99.3385
AXT,39.6156,140.2190
AXU,14.1468,38.7728
AXV,40.4934,-84.2989
AXX,36.4220,-105.2900
AYA,8.3000,-75.1500
AYC,8.6021,-73.6129
AYD,-19.2908,136.0790
AYG,1.5442,-73.9333
AYI,-0.3833,-72.2667
AYJ,26.7477,82.1637
AYK,50.3186,66.9528
AYL,-18.0181,135.5351
AYM,24.4670,54.6103
AYN,36.1339,114.3440
AYO,-27.3784,-56.8568
AYP,-13.1548,-74.2044
AYQ,-25.1859,130.9770
AYR,-19.5958,147.3245
AYS,31.2491,-82.3955
AYT,36.8987,30.8005
AYU,-6.3381,145.9042
AYW,-1.1598,132.4641
AYX,-10.7291,-73.7665
AYY,6.8600,81.8239
AZA,33.3078,-111.6550
AZB,-10.2992,149.3383
AZD,31.9049,54.2765
AZG,19.0934,-102.3940
AZH,26.1533,83.1183
AZI,24.4271,54.4599
AZJ,32.2365,119.7187
AZL,-13.4655,-58.8669
AZN,40.7277,72.2940
AZO,42.2321,-85.5496
AZP,19.5742,-99.2912
AZR,27.8376,-0.1864
AZS,19.2693,-69.7374
AZT,6.7673,-73.2848
AZZ,-7.8622,13.1161
BAA,-5.3306,151.0080
BAB,39.1361,-121.4370
BAC,4.5833,-72.9667
BAD,32.5018,-93.6627
BAE,44.3872,6.6088
BAF,42.1578,-72.7156
BAG,16.3750,120.6199
BAH,26.2673,50.6376
BAI,9.1639,-83.3302
BAJ,-4.8833,149.1333
BAL,37.9290,41.1166
BAM,40.5990,-116.8740
BAN,-4.3158,20.4149
BAQ,10.8896,-74.7808
BAR,19.1410,110.4528
BAS,-6.9907,155.8867
BAT,-20.5846,-48.5941
BAV,40.5600,109.9970
BAX,53.3613,83.5397
BAY,47.6584,23.4644
BAZ,-0.9812,-62.9186
BBA,-45.9160,-71.6895
BBB,45.3319,-95.6506
BBC,28.9733,-95.8635
BBD,31.1789,-99.3247
BBG,3.0858,172.8110
BBH,54.3383,12.7105
BBI,20.2510,85.8147
BBJ,49.9453,6.5650
BBK,-17.8317,25.1662
BBL,-27.4056,141.8095
BBM,13.0956,103.2240
BBN,3.7346,115.4785
BBO,10.3850,44.9367
BBP,50.6781,-1.1094
BBQ,17.6212,-61.7983
BBR,16.0136,-61.7429
BBS,51.3239,-0.8475
BBT,4.2216,15.7864
BBU,44.5031,26.1029
BBV,4.6434,-6.9240
BBW,41.4365,-99.6422
BBX,40.1375,-75.2651
BBY,5.8470,20.6499
BBZ,-13.5360,23.1056
BCA,20.3653,-74.5062
BCB,37.2076,-80.4078
BCC,63.5733,-156.1495
BCD,10.7762,123.0189
BCE,37.7064,-112.1450
BCF,6.5170,18.2670
BCG,7.6402,-58.9618
BCH,-8.4865,126.4000
BCI,-23.5663,145.3021
BCJ,31.5815,104.4597
BCK,-17.3883,144.1690
BCL,10.7687,-83.5856
BCM,46.5219,26.9103
BCN,41.2971,2.0785
BCO,5.7497,36.5602
BCP,-5.8636,146.4925
BCQ,27.6530,14.2720
BCR,-8.8346,-67.3125
BCS,29.8661,-90.0216
BCT,26.3785,-80.1077
BCU,10.4828,9.7440
BCV,17.2696,-88.7765
BCW,-21.8533,35.4383
BCX,53.9384,58.3401
BCZ,-13.7808,136.2017
BDA,32.3638,-64.6782
BDB,-24.9050,152.3226
BDC,-5.5025,-45.2158
BDD,-10.1495,142.1737
BDE,48.7284,-94.6122
BDF,41.2309,-89.6157
BDG,37.5833,-109.4830
BDH,26.5323,54.8248
BDI,-3.7237,55.2061
BDJ,-3.4401,114.7612
BDK,8.0172,-2.7619
BDL,41.9386,-72.6880
BDM,40.3180,27.9777
BDN,24.8415,68.8384
BDO,-6.9006,107.5760
BDP,26.5708,88.0796
BDQ,22.3362,73.2263
BDR,41.1635,-73.1262
BDS,40.6576,17.9470
BDT,4.2527,20.9753
BDU,69.0558,18.5404
BDV,-7.0849,29.7371
BDW,-17.2867,127.4630
BDX,45.4705,-105.4571
BDY,43.0865,-124.4080
BDZ,-6.3472,146.9422
BEB,57.4811,-7.3628
BEC,37.6945,-97.2150
BED,42.4700,-71.2890
BEE,-17.0165,122.6464
BEF,11.9910,-83.7741
BEG,44.8184,20.3091
BEH,42.1286,-86.4285
BEI,9.3864,34.5219
BEJ,2.1478,117.4307
BEK,28.4221,79.4508
BEL,-1.3793,-48.4762
BEM,32.4019,-6.3159
BEN,32.0968,20.2695
BEO,-33.0660,151.6463
BEP,15.1628,76.8828
BEQ,52.3426,0.7729
BER,52.3617,13.5023
BES,48.4479,-4.4185
BET,60.7798,-161.8380
BEU,-24.3461,139.4600
BEV,31.2870,34.7230
BEW,-19.7964,34.9076
BEX,51.6144,-1.0960
BEY,33.8198,35.4874
BEZ,-1.3547,176.0070
BFA,-20.2308,-58.1705
BFC,-15.8736,145.3300
BFD,41.8031,-78.6401
BFE,51.9647,8.5444
BFF,41.8740,-103.5960
BFG,37.5478,-110.7129
BFH,-25.4051,-49.2320
BFI,47.5270,-122.2999
BFJ,27.2671,105.4721
BFK,39.7017,-104.7520
BFL,35.4336,-119.0570
BFM,30.6268,-88.0681
BFN,-29.0927,26.3024
BFO,-21.0081,31.5786
BFP,40.7725,-80.3914
BFQ,7.5874,-78.1799
BFR,38.8400,-86.4454
BFS,54.6575,-6.2158
BFT,32.4122,-80.6344
BFU,32.8477,117.3202
BFV,15.2295,103.2530
BFW,35.1718,-0.5933
BFX,5.5369,10.3546
BFY,33.1663,117.0583
BGA,7.1265,-73.1848
BGB,-0.1075,11.9438
BGC,41.8578,-6.7071
BGD,35.7009,-101.3940
BGE,30.9715,-84.6374
BGF,4.3985,18.5188
BGG,38.8601,40.5945
BGH,16.6333,-14.2000
BGI,13.0747,-59.4910
BGJ,65.5168,-13.8158
BGK,16.5194,-88.4079
BGL,28.2128,83.6663
BGM,42.2087,-75.9798
BGN,68.5562,146.2278
BGO,60.2934,5.2181
BGQ,61.5347,-149.8129
BGR,44.8064,-68.8267
BGS,58.3806,97.4723
BGT,34.5928,-113.1720
BGU,4.7850,22.7810
BGV,-29.1474,-51.5408
BGW,33.2625,44.2346
BGX,-31.3905,-54.1122
BGY,45.6694,9.7089
BHA,-0.6081,-80.4027
BHB,44.4500,-68.3615
BHC,33.9610,73.4520
BHD,54.6181,-5.8725
BHE,-41.5183,173.8700
BHF,6.6948,-77.4936
BHG,15.7631,-84.5436
BHH,19.9844,42.6209
BHI,-38.7250,-62.1693
BHJ,23.2878,69.6702
BHK,39.7753,64.4823
BHL,28.9786,-113.5610
BHM,33.5629,-86.7507
BHN,14.7817,45.7197
BHO,23.2875,77.3374
BHP,27.1474,87.0508
BHQ,-32.0014,141.4720
BHR,27.6781,84.4294
BHS,-33.4068,149.6512
BHT,-23.3658,141.5629
BHU,21.7522,72.1852
BHV,29.3481,71.7180
BHW,32.0561,72.9484
BHX,52.4539,-1.7480
BHY,21.5387,109.2937
BIA,42.5527,9.4837
BIB,3.1019,43.6271
BIC,47.3253,-3.2013
BID,41.1684,-71.5786
BIE,40.3013,-96.7541
BIF,31.8495,-106.3800
BIG,63.9945,-145.7220
BIH,37.3731,-118.3640
BII,11.5225,165.5651
BIJ,-5.5775,146.3340
BIK,-1.1900,136.1080
BIL,45.8089,-108.5412
BIM,25.6999,-79.2647
BIN,34.8089,67.8166
BIO,43.3011,-2.9106
BIP,-16.8808,143.4790
BIQ,43.4684,-1.5232
BIR,26.4815,87.2640
BIS,46.7727,-100.7469
BIT,29.4634,80.5490
BIU,65.6413,-23.5462
BIV,6.5278,21.9894
BIW,-19.5667,127.6670
BIX,30.4104,-88.9244
BIY,-32.8971,27.2791
BIZ,-5.2894,142.0140
BJA,36.7125,5.0699
BJB,37.4930,57.3082
BJC,39.9088,-105.1170
BJE,11.1994,28.5231
BJF,70.6003,29.6926
BJH,29.5390,81.1854
BJI,47.5094,-94.9337
BJJ,40.8748,-81.8883
BJK,-6.0661,134.2740
BJL,13.3380,-16.6522
BJM,-3.3240,29.3185
BJO,-22.7733,-64.3129
BJP,-22.9788,-46.5371
BJQ,19.8731,56.0678
BJR,11.6081,37.3216
BJT,6.4310,79.9960
BJU,29.5020,81.6690
BJV,37.2493,27.6640
BJW,-8.7078,121.0582
BJX,20.9927,-101.4803
BJY,44.9353,20.2575
BJZ,38.8913,-6.8213
BKA,61.6767,96.3550
BKB,28.0706,73.2072
BKC,65.9816,-161.1490
BKD,32.7190,-98.8910
BKE,44.8373,-117.8090
BKF,58.5548,-155.7770
BKG,36.5321,-93.2005
BKH,22.0228,-159.7850
BKI,5.9327,116.0493
BKJ,10.9658,-14.2811
BKK,13.6811,100.7470
BKL,41.5175,-81.6833
BKM,3.9740,115.6180
BKN,39.6811,54.2060
BKO,12.5335,-7.9499
BKP,-20.4958,138.4747
BKQ,-24.4317,145.4297
BKR,12.3855,17.0710
BKS,-3.8637,102.3390
BKT,37.0742,-77.9575
BKU,-23.7330,44.3890
BKV,41.6569,110.3125
BKW,37.7873,-81.1242
BKX,44.3048,-96.8169
BKY,-2.3090,28.8088
BKZ,-1.3320,31.8212
BLA,10.1111,-64.6922
BLB,8.9148,-79.5996
BLC,5.8953,10.0339
BLD,35.9472,-114.8588
BLE,60.4220,15.5152
BLF,37.2958,-81.2077
BLG,2.6521,113.7670
BLH,33.6192,-114.7170
BLI,48.7928,-122.5380
BLJ,35.7521,6.3086
BLK,53.7717,-3.0286
BLL,55.7403,9.1570
BLM,40.1869,-74.1249
BLN,-36.5519,146.0070
BLO,65.6450,-20.2875
BLP,-7.0606,-76.5822
BLQ,44.5354,11.2887
BLR,13.1979,77.7063
BLS,-28.0512,147.4818
BLT,-23.6031,148.8070
BLU,39.2750,-120.7100
BLV,38.5452,-89.8352
BLW,4.7670,45.2388
BLX,46.1665,12.2504
BLY,54.2228,-10.0308
BLZ,-15.6772,34.9723
BMA,59.3544,17.9417
BMB,2.1833,22.4796
BMC,41.5524,-112.0620
BMD,-19.6867,44.5419
BME,-17.9492,122.2283
BMF,5.6940,22.8010
BMG,39.1460,-86.6167
BMH,-6.3732,144.6370
BMI,40.4771,-88.9159
BMJ,7.3711,-60.4893
BMK,53.5964,6.7092
BML,44.5754,-71.1759
BMM,2.0756,11.4932
BMN,37.0988,43.2666
BMO,24.2704,97.2476
BMP,-20.8046,149.2799
BMQ,-3.9814,39.7311
BMR,53.7249,7.3733
BMS,-14.2554,-41.8175
BMT,30.0706,-94.2157
BMU,-8.5372,118.6850
BMV,12.6683,108.1200
BMW,21.3778,0.9270
BMX,59.3623,-155.2601
BMY,-19.7205,163.6611
BMZ,-7.8485,143.2433
BNA,36.1245,-86.6782
BNB,-0.2867,20.8836
BNC,0.5750,29.4739
BND,27.2183,56.3778
BNE,-27.3842,153.1170
BNF,57.0888,-134.8331
BNG,33.9225,-116.8507
BNH,42.3525,-71.0258
BNI,6.3170,5.5995
BNK,-28.8332,153.5615
BNL,33.2578,-81.3883
BNM,-9.1078,147.6667
BNN,65.4611,12.2175
BNO,43.5905,-118.9552
BNR,10.6889,-4.7277
BNS,8.6150,-70.2142
BNT,-5.7422,145.2275
BNU,-26.8317,-49.0936
BNV,-6.4266,146.8267
BNW,42.0496,-93.8476
BNX,44.9414,17.2975
BNY,-11.3022,159.7983
BOA,-5.8540,13.0640
BOB,-16.4444,-151.7510
BOC,9.3408,-82.2508
BOD,44.8287,-0.7154
BOE,-1.0310,15.3360
BOG,4.7016,-74.1469
BOH,50.7805,-1.8396
BOI,43.5644,-116.2230
BOJ,42.5699,27.5152
BOK,42.0746,-124.2900
BOM,19.0887,72.8679
BON,12.1310,-68.2685
BOO,67.2692,14.3653
BOP,5.9580,15.6370
BOR,20.3240,100.1654
BOS,42.3620,-71.0079
BOT,-7.2373,141.1063
BOU,47.0602,2.3696
BOV,-3.3834,153.2812
BOW,27.9434,-81.7834
BOX,-16.0753,136.3020
BOY,11.1601,-4.3310
BOZ,6.3442,16.3219
BPA,11.6743,125.4793
BPC,6.0392,10.1226
BPD,-7.7436,147.0206
BPE,39.6664,119.0614
BPF,-8.5620,158.1193
BPG,-15.8614,-52.3890
BPH,8.1951,126.3210
BPI,42.5851,-110.1110
BPK,-5.5264,141.7446
BPL,44.8955,82.3001
BPM,17.4531,78.4676
BPN,-1.2683,116.8945
BPS,-16.4384,-39.0806
BPT,29.9508,-94.0207
BPX,30.5536,97.1083
BPY,-16.7445,44.4825
BQA,15.7293,121.5000
BQB,-33.6872,115.4003
BQE,11.2974,-15.8381
BQG,52.3810,140.4494
BQH,51.3308,0.0325
BQI,-18.1185,21.6233
BQJ,67.6480,134.6950
BQK,31.2588,-81.4665
BQL,-22.9133,139.9000
BQN,18.4949,-67.1294
BQO,9.2556,-3.0333
BQQ,-11.0808,-43.1475
BQR,-1.5488,123.5541
BQS,50.4267,127.4155
BQT,52.1081,23.8968
BQU,12.9884,-61.2620
BQV,58.4552,-135.8850
BQW,-20.1483,127.9739
BRA,-12.0789,-45.0090
BRB,-2.7566,-42.8032
BRC,-41.1512,-71.1575
BRD,46.4029,-94.1297
BRE,53.0468,8.7893
BRG,2.6486,125.4233
BRH,-5.7410,145.3785
BRI,41.1389,16.7606
BRK,-30.0392,145.9520
BRL,40.7832,-91.1255
BRM,10.0427,-69.3586
BRN,46.9127,7.4988
BRO,25.9072,-97.4252
BRP,-7.6693,146.7594
BRQ,49.1513,16.6940
BRR,57.0228,-7.4431
BRS,51.3823,-2.7165
BRT,-11.7650,130.6158
BRU,50.9014,4.4844
BRW,71.2854,-156.7660
BRX,18.2515,-71.1204
BRY,37.8143,-85.4996
BSA,11.2752,49.1392
BSB,-15.8692,-47.9208
BSC,6.2029,-77.3947
BSD,25.0533,99.1683
BSE,1.8127,109.7654
BSF,19.7601,-155.5540
BSG,1.9055,9.8057
BSI,14.4186,122.0392
BSJ,-37.8875,147.5694
BSK,34.7932,5.7389
BSL,47.6007,7.5211
BSM,36.6551,52.3496
BSN,6.4920,17.4290
BSO,20.4513,121.9800
BSP,-8.8581,141.2594
BSQ,31.3640,-109.8830
BSR,30.5491,47.6621
BSS,-7.5253,-46.0534
BST,31.5597,64.3650
BSU,1.2248,19.7881
BSV,-15.6725,47.0617
BSW,60.4231,-146.1460
BSX,16.8152,94.7799
BSY,2.3302,42.3118
BSZ,43.0613,74.4776
BTA,4.5486,13.7261
BTB,3.0576,18.5144
BTC,7.7051,81.6772
BTD,-18.6375,135.9384
BTF,40.8694,-111.9270
BTG,7.3141,18.3088
BTH,1.1210,104.1190
BTI,70.1340,-143.5820
BTJ,5.5251,95.4200
BTK,56.3696,101.7018
BTL,42.3073,-85.2515
BTM,45.9548,-112.4970
BTN,34.6217,-79.7344
BTO,4.2175,-55.4471
BTP,40.7769,-79.9497
BTQ,-2.5958,29.7367
BTR,30.5332,-91.1496
BTS,48.1702,17.2127
BTT,66.9139,-151.5290
BTU,3.1239,113.0200
BTV,44.4719,-73.1533
BTW,-3.4124,115.9950
BTX,-25.6948,140.7383
BTY,36.8611,-116.7870
BTZ,5.7900,101.1500
BUA,-5.4223,154.6727
BUB,41.7767,-99.1497
BUC,-17.7486,139.5340
BUD,47.4302,19.2624
BUF,42.9405,-78.7322
BUG,-12.6090,13.4037
BUI,-3.6846,138.6774
BUJ,35.3325,4.2064
BUK,17.3504,44.6255
BUL,-7.2163,146.6495
BUM,38.2898,-94.3401
BUN,3.8196,-76.9898
BUO,9.5275,45.5549
BUP,30.2701,74.7558
BUQ,-20.0163,28.6229
BUR,34.2028,-118.3581
BUS,41.6094,41.6003
BUT,27.5622,90.7471
BUU,-1.5416,102.1816
BUV,-30.3198,-57.5588
BUW,-5.4860,122.5698
BUX,1.5657,30.2207
BUY,-33.3781,115.6769
BUZ,28.9448,50.8346
BVA,49.4544,2.1128
BVB,2.8462,-60.6906
BVC,16.1365,-22.8889
BVE,45.0397,1.4856
BVG,70.8715,29.0341
BVH,-12.6944,-60.0983
BVI,-25.8975,139.3480
BVJ,70.3153,68.3336
BVK,-13.6056,-63.8794
BVL,-13.6544,-63.7047
BVM,-15.8717,-38.8719
BVO,36.7625,-96.0112
BVS,-1.6365,-50.4436
BVU,61.1722,-151.0440
BVV,44.9200,147.6220
BVW,-12.6592,142.6750
BVX,35.7262,-91.6473
BVY,42.5842,-70.9165
BVZ,-16.7328,125.4391
BWA,27.5046,83.4104
BWB,-20.8644,115.4061
BWC,32.9929,-115.5170
BWD,31.7936,-98.9565
BWE,52.3192,10.5561
BWF,54.1286,-3.2675
BWG,36.9645,-86.4197
BWH,5.4659,100.3910
BWI,39.1754,-76.6683
BWJ,-6.3969,146.8817
BWK,43.2845,16.6784
BWL,36.7452,-97.3496
BWM,46.1655,-103.3007
BWN,4.9442,114.9280
BWO,51.8583,47.7456
BWP,-3.0217,141.1653
BWQ,-29.9758,146.8144
BWT,-40.9970,145.7260
BWU,-33.9236,150.9908
BWW,22.6213,-79.1472
BWX,-8.3102,114.3401
BXA,30.8137,-89.8650
BXB,-2.5322,133.4390
BXD,-7.1759,139.5833
BXE,14.8473,-12.4683
BXF,-17.5450,128.3050
BXG,-36.7394,144.3300
BXH,46.8942,75.0045
BXI,9.5406,-6.4698
BXJ,43.3521,76.8830
BXK,33.4224,-112.6863
BXL,-16.9430,177.3680
BXM,-4.4427,140.8836
BXN,37.1401,27.6697
BXO,46.9744,8.3969
BXR,29.0842,58.4500
BXS,33.2590,-116.3210
BXT,0.1217,117.4766
BXU,8.9515,125.4788
BXV,64.7900,-14.0439
BXW,-5.7236,112.6789
BXX,9.9463,43.1495
BXY,45.6220,63.2108
BXZ,-5.7243,147.8667
BYA,64.0777,-141.1221
BYB,25.6142,56.2444
BYC,-21.9609,-63.6517
BYD,14.1060,45.4411
BYF,49.9700,2.6939
BYG,44.3811,-106.7220
BYH,35.9643,-89.9440
BYI,42.5426,-113.7720
BYJ,38.0789,-7.9324
BYK,7.7388,-5.0737
BYL,7.3692,-9.9937
BYM,20.3964,-76.6214
BYN,46.1633,100.7040
BYO,-21.2473,-56.4524
BYP,-22.6739,119.1661
BYR,57.2772,11.0001
BYS,35.2805,-116.6300
BYT,51.6772,-9.4871
BYU,49.9850,11.6400
BYV,6.9294,79.8542
BYW,48.5792,-122.8238
BYX,-13.1981,136.2270
BZA,14.0315,-84.6243
BZB,-21.5411,35.4729
BZC,-22.7709,-41.9631
BZD,-34.6248,143.5771
BZE,17.5400,-88.3036
BZF,40.5749,-122.4080
BZG,53.0968,17.9777
BZH,-16.8165,28.3448
BZI,39.6193,27.9260
BZJ,33.5608,115.9119
BZK,53.2144,34.1760
BZL,22.8010,90.3012
BZM,-17.6925,45.0888
BZN,45.7789,-111.1537
BZO,46.4592,11.3261
BZP,-14.7403,144.1194
BZR,43.3235,3.3539
BZT,28.9822,-95.5797
BZU,2.8181,24.7940
BZV,-4.2517,15.2530
BZX,31.7384,106.6449
BZY,47.8377,27.7811
BZZ,51.7500,-1.5836
CAA,14.8750,-85.7761
CAB,-5.5984,12.1881
CAC,-25.0003,-53.5012
CAD,44.2757,-85.4215
CAE,33.9382,-81.1230
CAF,-4.8715,-66.8976
CAG,39.2515,9.0543
CAH,9.1777,105.1778
CAI,30.1115,31.3967
CAJ,6.2320,-62.8548
CAK,40.9161,-81.4422
CAL,55.4372,-5.6864
CAM,-20.0066,-63.5278
CAN,23.3924,113.2990
CAO,36.4462,-103.1670
CAP,19.7255,-72.2007
CAQ,7.9685,-75.1985
CAR,46.8715,-68.0179
CAT,38.7250,-9.3552
CAU,-8.2824,-36.0135
CAV,-11.8931,22.9162
CAW,-21.6983,-41.3017
CAX,54.9375,-2.8092
CAY,4.8200,-52.3613
CAZ,-31.5383,145.7940
CBA,49.8636,-119.5680
CBB,-17.4211,-66.1771
CBC,-18.9178,125.5378
CBD,9.1531,92.8193
CBE,39.6154,-78.7609
CBF,41.2592,-95.7606
CBG,52.2050,0.1750
CBH,31.6457,-2.2699
CBI,-40.3905,148.0169
CBJ,17.9290,-71.6448
CBK,39.4275,-101.0470
CBL,8.1222,-63.5370
CBM,33.6438,-88.4438
CBN,-6.7570,108.5388
CBO,7.1648,124.2099
CBQ,4.9760,8.3472
CBR,-35.3069,149.1950
CBS,10.3307,-71.3225
CBT,-12.4792,13.4869
CBV,15.4690,-90.4067
CBW,-24.0092,-52.3568
CBX,-33.0656,147.2132
CBY,-19.4794,140.9270
CBZ,37.6106,117.8857
CCA,-16.9768,-65.1456
CCB,34.1116,-117.6880
CCC,22.4610,-78.3284
CCD,34.0610,-118.4173
CCE,30.0647,31.8400
CCF,43.2160,2.3063
CCG,31.4151,-102.3630
CCH,-46.5831,-71.6863
CCI,-27.1805,-52.0518
CCJ,11.1360,75.9552
CCK,-12.1922,96.8341
CCL,-26.7719,150.6176
CCM,-28.7257,-49.4245
CCN,34.5265,65.2710
CCO,4.5642,-71.3364
CCP,-36.7724,-73.0628
CCR,37.9897,-122.0570
CCS,10.6022,-66.9912
CCU,22.6540,88.4476
CCV,-16.2650,167.9240
CCW,-33.6667,136.8920
CCX,-16.0436,-57.6299
CCY,43.0726,-92.6108
CCZ,25.4171,-77.8809
CDA,-12.9033,132.5320
CDB,55.2079,-162.7250
CDC,37.7010,-113.0990
CDD,15.3167,-83.5917
CDE,41.1225,118.0739
CDG,49.0090,2.5541
CDH,33.6228,-92.7634
CDI,-20.8343,-41.1856
CDJ,-8.3483,-49.3015
CDK,29.1341,-83.0508
CDL,65.9077,-161.9260
CDN,34.2836,-80.5649
CDO,-32.1567,25.6456
CDP,14.5132,78.7692
CDQ,-18.2250,142.2580
CDR,42.8376,-103.0950
CDS,34.4338,-100.2880
CDT,40.2139,0.0733
CDU,-34.0383,150.6864
CDV,60.4918,-145.4780
CDW,40.8752,-74.2814
CDY,7.0140,118.4960
CEA,37.6486,-97.2506
CEB,10.3093,123.9797
CEC,41.7789,-124.2364
CED,-32.1306,133.7100
CEE,59.2736,38.0158
CEF,42.1940,-72.5348
CEG,53.1781,-2.9778
CEH,-10.5573,33.7971
CEI,19.9523,99.8829
CEK,55.3031,61.5049
CEL,-29.3701,-50.8317
CEM,65.5738,-144.7807
CEN,27.3926,-109.8330
CEO,-11.4264,15.1014
CEP,-16.1427,-62.0266
CEQ,43.5480,6.9552
CER,49.6501,-1.4703
CES,-32.7875,151.3420
CET,47.0821,-0.8771
CEU,34.6719,-82.8865
CEV,39.6985,-85.1297
CEW,30.7788,-86.5221
CEX,65.0518,-146.0470
CEY,36.6646,-88.3728
CEZ,37.3030,-108.6280
CFB,-22.9215,-42.0719
CFC,-26.7874,-50.9399
CFD,30.7157,-96.3314
CFE,45.7867,3.1692
CFF,-8.7836,17.9897
CFG,22.1500,-80.4142
CFH,-27.0183,138.8920
CFI,-17.0217,131.3270
CFK,36.2166,1.3411
CFM,55.6953,-111.2790
CFN,55.0442,-8.3410
CFO,-10.6333,-51.5658
CFP,-18.7185,144.3130
CFQ,49.0369,-116.4980
CFR,49.1768,-0.4549
CFS,-30.3206,153.1160
CFT,32.9570,-109.2114
CFU,39.6014,19.9122
CFV,37.0940,-95.5719
CGA,55.4788,-133.1480
CGB,-15.6529,-56.1167
CGC,-5.4552,148.4223
CGD,28.9189,111.6400
CGE,38.5393,-76.0304
CGF,41.5651,-81.4864
CGG,16.1941,122.0651
CGH,-23.6277,-46.6546
CGI,37.2253,-89.5708
CGJ,-12.5728,27.8939
CGK,-6.1256,106.6560
CGL,-7.7976,-77.6512
CGM,9.2539,124.7091
CGN,50.8659,7.1427
CGO,34.5265,113.8492
CGP,22.2496,91.8133
CGQ,43.9962,125.6850
CGR,-20.4700,-54.6740
CGS,38.9806,-76.9223
CGV,-32.2805,125.4779
CGX,-15.0540,25.9857
CGY,8.6122,124.4565
CGZ,32.9549,-111.7670
CHA,35.0353,-85.2038
CHB,35.4267,74.0817
CHC,-43.4890,172.5321
CHD,-13.0312,-41.4441
CHE,59.4480,24.7533
CHF,35.1402,128.6962
CHG,41.5381,120.4350
CHH,-6.2019,-77.8562
CHJ,-20.2067,32.6283
CHK,35.0974,-97.9677
CHL,44.5230,-114.2180
CHM,-9.1496,-78.5238
CHN,35.8783,127.1189
CHO,38.1386,-78.4529
CHP,65.4855,-144.6110
CHQ,35.5312,24.1507
CHR,46.8602,1.7283
CHS,32.8962,-80.0382
CHT,-43.8119,-176.4651
CHU,61.5791,-159.2160
CHX,9.4590,-82.5151
CHY,-6.7119,156.3961
CHZ,42.5794,-121.8791
CIA,41.7988,12.5953
CIC,39.7956,-121.8577
CID,41.8847,-91.7108
CIE,-33.3667,116.2170
CIF,42.1597,118.8410
CIG,40.4952,-107.5220
CIH,36.2475,113.1260
CII,37.8154,27.8876
CIJ,-11.0391,-68.7828
CIK,66.6450,-143.7400
CIL,64.8979,-163.7030
CIM,6.3675,-73.9707
CIN,42.0462,-94.7890
CIO,-23.4416,-57.4270
CIP,-13.5583,32.5872
CIQ,14.8309,-89.5209
CIR,37.0645,-89.2196
CIS,-2.7681,-171.7100
CIT,42.3650,69.4756
CIU,46.2420,-84.4621
CIW,12.6990,-61.3424
CIX,-6.7892,-79.8283
CIY,36.9958,14.6089
CIZ,-4.1341,-63.1326
CJA,-7.1392,-78.4894
CJB,11.0300,77.0434
CJC,-22.4982,-68.9036
CJD,2.0667,-74.5833
CJF,-22.9667,118.8133
CJH,51.6258,-124.1445
CJJ,36.7156,127.5003
CJL,35.8862,71.7999
CJM,10.7112,99.3617
CJN,-7.7199,108.4890
CJS,31.6367,-106.4285
CJT,16.1767,-92.0506
CJU,33.5121,126.4925
CJZ,-6.8827,-38.6158
CKA,36.7343,-98.1235
CKB,39.2966,-80.2281
CKC,49.4156,31.9953
CKD,61.8703,-158.1376
CKE,38.9906,-122.9010
CKG,29.7123,106.6519
CKH,70.6231,147.9020
CKI,-11.1650,132.4830
CKK,36.2649,-91.5626
CKL,55.8783,38.0617
CKM,34.2997,-90.5123
CKN,47.8417,-96.6216
CKO,-23.1527,-50.6029
CKR,48.5978,-122.9979
CKS,-6.1178,-50.0034
CKT,36.5012,61.0649
CKU,60.5439,-145.7270
CKV,36.6219,-87.4150
CKW,-22.3543,119.6426
CKX,64.0665,-141.9513
CKY,9.5769,-13.6120
CKZ,40.1377,26.4268
CLA,23.4401,91.1887
CLD,33.1283,-117.2800
CLE,41.4117,-81.8498
CLG,36.1631,-120.2940
CLH,-31.7739,149.6153
CLI,44.6138,-88.7313
CLJ,46.7860,23.6857
CLK,35.5383,-98.9327
CLL,30.5886,-96.3638
CLM,48.1202,-123.5000
CLN,-7.3204,-47.4587
CLO,3.5427,-76.3819
CLP,58.8337,-158.5290
CLQ,19.2770,-103.5770
CLR,33.1315,-115.5210
CLS,46.6770,-122.9830
CLT,35.2140,-80.9431
CLU,39.2624,-85.8956
CLV,-17.7251,-48.6063
CLW,27.9767,-82.7587
CLX,-25.3036,-57.7344
CLY,42.5304,8.7930
CLZ,8.9247,-67.4171
CMA,-28.0300,145.6220
CMB,7.1808,79.8841
CMC,-2.8956,-40.8593
CMD,-34.6243,148.0366
CME,18.6515,-91.7994
CMF,45.6381,5.8802
CMG,-19.0119,-57.6728
CMH,39.9980,-82.8919
CMI,40.0398,-88.2762
CMJ,23.2131,119.4175
CMK,-14.3065,35.1315
CML,-19.9117,138.1250
CMM,17.4612,-90.0537
CMN,33.3675,-7.5900
CMO,5.3580,48.5153
CMP,-9.3199,-50.3285
CMQ,-22.7731,147.6210
CMR,48.1099,7.3590
CMS,10.3139,50.2056
CMT,-2.2468,-49.5600
CMU,-6.0243,144.9710
CMV,-36.7917,175.5090
CMW,21.4199,-77.8480
CMX,47.1684,-88.4891
CMY,43.9580,-90.7379
CMZ,-17.8331,35.3341
CNA,31.0662,-110.0979
CNB,-30.9809,148.3778
CNC,-10.0501,143.0700
CND,44.3622,28.4883
CNE,38.4297,-105.1086
CNF,-19.6357,-43.9669
CNG,45.6583,-0.3175
CNH,43.3704,-72.3687
CNI,39.2664,122.6670
CNJ,-20.6686,140.5040
CNK,39.5493,-97.6523
CNL,57.5035,10.2294
CNM,32.3375,-104.2630
CNN,11.9163,75.5450
CNO,33.9747,-117.6370
CNP,70.7431,-22.6505
CNQ,-27.4455,-58.7619
CNR,-26.3325,-70.6073
CNS,-16.8789,145.7495
CNT,-27.2164,-61.2103
CNU,37.6682,-95.4867
CNV,-15.6670,-38.9547
CNW,31.6411,-97.0733
CNX,18.7668,98.9626
CNY,38.7550,-109.7550
CNZ,-13.7106,19.8611
COA,38.0304,-120.4150
COB,-15.5483,130.9620
COC,-31.2969,-57.9966
COD,44.5202,-109.0240
COE,47.7743,-116.8200
COF,28.2349,-80.6101
COG,5.0720,-76.6764
COH,26.3305,89.4672
COI,28.3416,-80.6855
COJ,-31.3325,149.2670
COK,10.1510,76.4008
COL,56.6019,-6.6178
COM,31.8411,-99.4036
CON,43.2027,-71.5023
COO,6.3572,2.3843
COP,42.6296,-74.8904
COQ,48.1354,114.6472
COR,-31.3123,-64.2083
COS,38.8058,-104.7010
COT,28.4567,-99.2203
COU,38.8181,-92.2196
COV,36.8915,35.0712
COW,-30.1989,-71.2469
COY,-21.7946,117.7550
COZ,18.9075,-70.7219
CPA,4.3788,-7.6966
CPB,8.6322,-77.3503
CPC,-40.0754,-71.1373
CPD,-29.0383,134.7222
CPE,19.8160,-90.5001
CPF,-7.1955,111.5453
CPG,-40.7781,-62.9803
CPH,55.6179,12.6560
CPI,-5.4483,152.0819
CPL,3.7243,-75.4658
CPM,33.8900,-118.2440
CPN,-10.1798,148.3790
CPO,-27.2612,-70.7792
CPP,-20.7505,-68.6835
CPR,42.9074,-106.4616
CPS,38.5707,-90.1562
CPT,-33.9740,18.6043
CPU,-1.8200,-44.8641
CPV,-7.2697,-35.8961
CPX,18.3130,-65.3039
CQA,-13.5765,-52.2683
CQD,32.2972,50.8422
CQF,50.9621,1.9548
CQM,38.8565,-3.9699
CQP,-14.9708,145.3117
CQS,-12.4211,-64.2516
CQT,2.0333,-74.2167
CQW,29.4657,107.6937
CRA,44.3181,23.8886
CRB,-29.5232,148.5782
CRC,4.7582,-75.9557
CRD,-45.7869,-67.4634
CRE,33.8117,-78.7239
CRF,4.9370,15.8940
CRG,30.3363,-81.5144
CRH,-28.4301,152.0890
CRI,22.7456,-74.1824
CRJ,-31.8944,132.2960
CRK,15.1860,120.5600
CRL,50.4620,4.4596
CRM,12.5016,124.6353
CRO,36.1027,-119.5948
CRP,27.7704,-97.5012
CRQ,-17.6523,-39.2531
CRR,-29.8723,-61.9279
CRS,32.0281,-96.4006
CRT,33.1783,-91.8802
CRU,12.4761,-61.4728
CRV,38.9972,17.0802
CRW,38.3731,-81.5932
CRX,34.9150,-88.6035
CRY,-15.5019,128.5340
CRZ,38.9307,63.5640
CSA,56.0575,-6.2431
CSB,45.4201,22.2525
CSC,10.4307,-85.1746
CSD,-17.9480,135.9160
CSE,38.8519,-106.9283
CSF,49.2535,2.5191
CSG,32.5164,-84.9396
CSH,65.0300,35.7306
CSI,-28.8813,153.0607
CSK,12.3953,-16.7480
CSM,35.3398,-99.2005
CSN,39.1943,-119.7343
CSO,51.8564,11.4203
CSQ,41.0214,-94.3633
CSR,5.8333,-68.1333
CSS,-19.1469,-51.6769
CST,-17.7358,177.1290
CSU,-29.6841,-52.4122
CSV,35.9513,-85.0850
CSW,22.9491,-109.9395
CSX,28.1892,113.2200
CSY,56.0903,47.3473
CSZ,-37.4461,-61.8893
CTA,37.4668,15.0664
CTB,48.6087,-112.3782
CTC,-28.5931,-65.7512
CTD,7.9878,-80.4098
CTE,9.4529,-78.9789
CTF,14.6942,-91.8825
CTG,10.4424,-75.5130
CTH,39.9790,-75.8655
CTI,-15.1603,19.1561
CTK,43.3088,-96.5712
CTL,-26.4133,146.2620
CTM,18.5050,-88.3280
CTN,-15.4436,145.1832
CTO,40.9151,-72.7919
CTP,-1.2254,-46.0191
CTQ,-33.5020,-53.3449
CTR,-17.6070,131.5490
CTS,42.7748,141.6904
CTT,43.2525,5.7852
CTU,30.5583,103.9460
CTV,-9.4314,20.3116
CTW,34.7300,-112.0350
CTX,42.5926,-76.2149
CTY,29.6355,-83.1048
CTZ,34.9756,-78.3646
CUA,25.0538,-111.6150
CUB,33.9705,-80.9952
CUC,7.9276,-72.5115
CUD,-26.8034,153.1050
CUE,-2.8895,-78.9844
CUF,44.5475,7.6230
CUG,-33.2780,148.7687
CUH,35.9505,-96.7724
CUI,4.6667,-72.0000
CUJ,11.8553,119.9378
CUK,17.7350,-88.0329
CUL,24.7650,-107.4752
CUM,10.4503,-64.1305
CUN,21.0408,-86.8735
CUO,1.0138,-71.2973
CUP,10.6600,-63.2617
CUQ,-13.7611,143.1133
CUR,12.1889,-68.9598
CUS,31.8239,-107.6299
CUT,-38.9397,-69.2646
CUU,28.7026,-105.9638
CUV,8.7581,-72.5363
CUY,-27.4507,117.9177
CUZ,-13.5357,-71.9388
CVB,-4.8066,144.7150
CVC,-33.7097,136.5050
CVE,9.4009,-75.6913
CVF,45.3975,6.6350
CVG,39.0488,-84.6678
CVH,-37.8514,-71.0092
CVI,-46.3743,-67.5941
CVJ,18.8339,-99.2618
CVL,-9.6700,150.0197
CVM,23.7033,-98.9565
CVN,34.4266,-103.0788
CVO,44.4972,-123.2900
CVQ,-24.8843,113.6664
CVS,34.3828,-103.3220
CVU,39.6715,-31.1136
CWA,44.7774,-89.6702
CWB,-25.5285,-49.1758
CWC,48.2593,25.9808
CWF,30.2106,-93.1432
CWI,41.8311,-90.3291
CWJ,23.2763,99.3732
CWK,25.1677,80.9358
CWL,51.3967,-3.3433
CWR,-27.7117,138.3280
CWS,48.4900,-122.8316
CWT,-33.8469,148.6480
CWW,-35.9947,146.3570
CWX,32.2454,-109.8950
CXA,7.6255,-66.1628
CXB,21.4575,91.9633
CXC,61.5829,-144.4270
CXF,67.2522,-150.2040
CXH,49.2907,-123.1185
CXI,1.9863,-157.3500
CXJ,-29.1972,-51.1876
CXL,32.6695,-115.5130
CXN,11.4956,49.9098
CXO,30.3518,-95.4145
CXP,-7.6451,109.0340
CXQ,-18.8728,125.9340
CXR,11.9982,109.2190
CXT,-20.0431,146.2730
CXY,25.5544,-79.2754
CYA,18.2711,-73.7883
CYB,19.6870,-79.8828
CYC,17.6838,-88.0450
CYD,17.1049,-89.1011
CYF,60.1367,-164.2792
CYG,-36.1828,147.8880
CYI,23.4626,120.3905
CYL,15.4456,-86.6753
CYM,57.5149,-134.9460
CYO,21.6165,-81.5460
CYP,12.0726,124.5451
CYR,-34.4564,-57.7706
CYS,41.1557,-104.8120
CYT,60.0810,-142.4945
CYU,10.8581,121.0690
CYW,20.5460,-100.8865
CYX,68.7406,161.3380
CYZ,16.9299,121.7530
CZA,20.6413,-88.4462
CZB,-28.6579,-53.6101
CZC,61.9437,-145.2994
CZE,11.4149,-69.6809
CZF,61.7803,-166.0390
CZH,18.3822,-88.4119
CZJ,9.4469,-78.5757
CZK,45.6766,-121.8789
CZL,36.2760,6.6204
CZM,20.5149,-86.9285
CZN,62.0712,-142.0480
CZO,62.5635,-144.6690
CZP,55.9663,-133.7970
CZR,56.9144,118.2701
CZS,-7.5999,-72.7695
CZT,28.5222,-99.8236
CZU,9.3327,-75.2856
CZX,31.9205,119.7755
CZY,-24.5167,139.6170
DAA,38.7150,-77.1810
DAB,29.1825,-81.0595
DAC,23.8433,90.3978
DAD,16.0439,108.1990
DAF,-4.7403,145.9515
DAG,34.8537,-116.7870
DAH,13.8669,46.1335
DAK,25.4112,29.0033
DAL,32.8448,-96.8477
DAM,33.4115,36.5156
DAN,36.5729,-79.3361
DAO,-8.4319,147.8431
DAP,29.6686,80.5482
DAR,-6.8735,39.2073
DAS,66.7031,-119.7168
DAT,40.0614,113.4805
DAU,-9.0868,143.2080
DAV,8.3890,-82.4364
DAX,31.1302,107.4295
DAY,39.9024,-84.2194
DAZ,38.4618,70.8816
DBA,28.8783,64.3998
DBB,30.9243,28.4616
DBC,45.5053,123.0197
DBD,23.8340,86.4253
DBK,8.2730,79.7560
DBM,10.3215,37.7419
DBN,32.5644,-82.9853
DBO,-32.2167,148.5750
DBP,-6.3086,141.9056
DBQ,42.4020,-90.7095
DBR,26.1928,85.9169
DBS,44.1621,-112.2206
DBT,11.8848,38.0092
DBU,7.8604,80.6304
DBV,42.5622,18.2655
DBY,-27.1585,151.2634
DCA,38.8521,-77.0377
DCF,15.3367,-61.3921
DCI,39.3542,8.9725
DCK,66.9433,-156.9050
DCM,43.5563,2.2892
DCN,-17.5814,123.8283
DCT,22.1818,-75.7295
DCU,34.6527,-86.9454
DCY,29.3163,100.0603
DDC,37.7634,-99.9656
DDD,2.6661,72.8871
DDG,40.0255,124.2867
DDI,-20.2603,148.8136
DDM,-8.1774,147.8094
DDN,-16.9917,141.3170
DDR,28.6046,86.7980
DDU,26.7408,67.6666
DEA,29.9610,70.4859
DEB,47.4895,21.6163
DEC,39.8346,-88.8657
DED,30.1892,78.1767
DEE,43.9611,145.6850
DEF,32.4344,48.3976
DEH,43.2755,-91.7394
DEI,-3.8021,55.6674
DEJ,28.1210,108.1631
DEL,28.5556,77.0952
DEM,8.5540,34.8580
DEN,39.8600,-104.6738
DEP,27.9855,94.2228
DEQ,30.5043,120.1074
DER,-6.1447,147.1072
DES,-5.6967,53.6558
DET,42.4092,-83.0099
DEX,-4.8557,139.4820
DEZ,35.2854,40.1760
DFA,33.7085,110.2493
DFI,41.3375,-84.4288
DFP,-16.0521,143.0133
DFW,32.8968,-97.0380
DGA,16.9825,-88.2310
DGD,-27.8297,117.3164
DGE,-32.5648,149.6095
DGF,50.1655,-120.1713
DGH,24.4468,86.7050
DGL,31.3426,-109.5060
DGM,7.1079,79.8721
DGN,38.3325,-77.0372
DGO,24.1255,-104.5279
DGR,-35.9393,173.8929
DGT,9.3342,123.3019
DGU,12.4590,-3.4900
DGW,42.7972,-105.3860
DHA,26.2654,50.1520
DHB,48.6167,-123.0028
DHD,-27.0750,141.9000
DHF,24.2482,54.5477
DHG,44.5587,135.4900
DHH,43.7565,93.1372
DHI,28.7553,80.5834
DHM,32.1649,76.2630
DHN,31.3213,-85.4496
DHR,52.9234,4.7806
DHT,36.0226,-102.5470
DHX,-7.7495,111.9468
DIA,25.2594,51.5655
DIB,27.4839,95.0169
DIE,-12.3494,49.2917
DIG,27.7936,99.6772
DIJ,47.2689,5.0900
DIK,46.7975,-102.8019
DIL,-8.5466,125.5245
DIM,6.6517,-4.6406
DIN,21.3975,103.0080
DIO,65.7584,-168.9537
DIP,12.0603,1.7846
DIQ,-20.1807,-44.8709
DIR,9.6235,41.8550
DIS,-4.2063,12.6599
DIU,20.7142,70.9219
DIW,5.9902,80.7331
DIY,37.8939,40.2010
DJA,9.6921,1.6378
DJB,-1.6387,103.6451
DJE,33.8737,10.7773
DJG,24.2854,9.4637
DJJ,-2.5796,140.5199
DJM,-2.5169,14.7544
DJN,64.0499,-145.7227
DJO,6.7928,-6.4732
DJR,-21.7083,139.5330
DJT,26.6832,-80.0956
DJU,64.6424,-14.2773
DKA,13.0078,7.6604
DKI,-17.9391,146.1414
DKK,42.4925,-79.2731
DKR,14.7423,-17.4792
DKS,73.5178,80.3797
DKV,-24.8595,129.1222
DLA,4.0061,9.7195
DLC,38.9657,121.5385
DLE,47.0390,5.4276
DLF,29.3595,-100.7780
DLG,59.0447,-158.5050
DLH,46.8419,-92.1987
DLI,11.7506,108.3670
DLK,-29.0133,138.4810
DLL,34.4491,-79.3686
DLM,36.7131,28.7925
DLN,45.2554,-112.5530
DLR,45.8799,133.7376
DLS,45.6210,-121.1708
DLU,25.6494,100.3190
DLV,-12.5500,130.6850
DLY,-18.7694,169.0010
DLZ,43.6086,104.3677
DMA,32.1665,-110.8830
DMB,42.8536,71.3036
DMD,-17.9403,138.8220
DME,55.4088,37.9063
DMK,13.9126,100.6070
DMM,26.4691,49.7982
DMN,32.2623,-107.7210
DMO,38.7074,-93.1759
DMT,-14.3769,-56.4004
DMU,25.8839,93.7711
DNA,26.3517,127.7694
DNB,-16.0474,142.3944
DND,56.4525,-3.0258
DNF,32.5420,22.7450
DNG,-15.3864,126.3022
DNH,40.1620,94.8128
DNK,48.3572,35.1006
DNL,33.4665,-82.0394
DNN,34.7229,-84.8702
DNO,-11.5954,-46.8467
DNP,28.1111,82.2942
DNQ,-35.5594,144.9460
DNR,48.5877,-2.0800
DNS,41.9864,-95.3807
DNU,-6.1546,146.6772
DNV,40.1991,-87.5966
DNX,12.5330,35.0670
DNZ,37.7856,29.7013
DOA,-14.3681,49.5108
DOB,-5.7737,134.2092
DOD,-6.1706,35.7560
DOE,4.0057,-55.4816
DOG,19.1537,30.4301
DOH,25.2731,51.6081
DOI,-10.7009,150.7218
DOL,49.3652,0.1545
DOM,15.5467,-61.3011
DON,17.6124,-89.6884
DOO,-9.4619,147.9209
DOP,28.9857,82.8187
DOR,14.0216,-0.0682
DOU,-22.2019,-54.9266
DOV,39.1295,-75.4660
DOX,-29.2981,114.9273
DOY,37.5014,118.7899
DPA,41.9078,-88.2486
DPB,-54.0500,-68.8092
DPE,49.8847,1.0810
DPG,40.1974,-112.9351
DPL,8.6020,123.3419
DPO,-41.1697,146.4300
DPS,-8.7484,115.1671
DPT,69.3925,139.8900
DQA,46.7509,125.1386
DQM,19.5019,57.6342
DRA,36.6194,-116.0330
DRB,-17.3719,123.6622
DRC,-17.9819,20.7681
DRD,-16.5537,141.8238
DRE,46.0093,-83.7439
DRF,60.5889,-152.1620
DRG,66.0689,-162.7669
DRH,-3.2706,138.6134
DRI,30.8317,-93.3399
DRJ,4.1114,-54.6728
DRK,8.7189,-83.6417
DRN,-28.5879,148.2172
DRO,37.1515,-107.7540
DRP,13.1119,123.6768
DRR,-25.6850,140.2280
DRS,51.1341,13.7678
DRT,29.3742,-100.9270
DRU,46.6216,-113.2018
DRV,5.1561,73.1302
DRW,-12.4150,130.8818
DRY,-15.7136,126.3811
DSC,5.4500,10.0670
DSD,16.2969,-61.0844
DSE,11.1098,39.7259
DSG,16.4458,122.2068
DSI,30.4001,-86.4715
DSK,31.9094,70.8966
DSM,41.5340,-93.6567
DSN,39.4935,109.8599
DSO,39.7452,127.4740
DSS,14.6709,-17.0728
DST,25.2630,55.2720
DSV,42.5705,-77.7133
DSX,20.7066,116.7210
DSY,10.9142,103.2267
DTA,39.3806,-112.5080
DTB,2.2597,98.9919
DTD,0.8070,114.5291
DTE,14.1292,122.9800
DTH,36.4638,-116.8810
DTI,-18.2320,-43.6504
DTL,46.8243,-95.8833
DTM,51.5183,7.6122
DTN,32.5402,-93.7450
DTR,48.5002,-122.8140
DTU,48.4410,126.1284
DTW,42.2138,-83.3538
DTX,33.1779,-96.5905
DUA,33.9397,-96.3951
DUB,53.4287,-6.2621
DUC,34.4709,-97.9599
DUD,-45.9290,170.1978
DUE,-7.4009,20.8185
DUF,36.2527,-75.7853
DUG,31.4641,-109.6046
DUJ,41.1783,-78.8987
DUK,-28.3684,32.2481
DUM,1.6090,101.4335
DUQ,48.7545,-123.7097
DUR,-29.6144,31.1197
DUS,51.2895,6.7668
DUT,53.8988,-166.5450
DVD,-22.0661,43.2596
DVK,64.5114,-110.2890
DVL,48.1155,-98.9088
DVN,41.6104,-90.5897
DVO,7.1255,125.6460
DVP,-24.1500,141.1080
DVR,-13.7498,130.6939
DVT,33.6883,-112.0830
DWA,-12.5175,34.1319
DWB,-16.1017,45.3588
DWC,24.8962,55.1624
DWD,24.4499,44.1212
DWH,30.0618,-95.5528
DWO,6.9066,79.9090
DWR,31.0913,64.0661
DWS,48.3875,124.4313
DXB,25.2498,55.3710
DXD,-15.1175,143.3160
DXE,32.4387,-90.1031
DXJ,28.4972,109.5218
DXN,28.1799,77.6118
DXR,41.3717,-73.4822
DYA,-22.6222,148.3640
DYG,29.1047,110.4428
DYL,40.3330,-75.1223
DYM,-23.7617,141.1450
DYR,64.7349,177.7410
DYS,32.4208,-99.8546
DYU,38.5437,68.8230
DYW,-16.2647,133.3834
DZA,-12.8093,45.2818
DZH,31.0488,107.4356
DZI,10.0966,-73.2337
DZN,47.7090,67.7381
DZO,-33.3589,-56.4992
DZU,29.6362,105.7736
EAA,64.7780,-141.1505
EAB,16.0110,43.1768
EAE,-17.0903,168.3430
EAL,9.3193,166.8478
EAM,17.6114,44.4192
EAN,42.0555,-104.9290
EAR,40.7270,-99.0068
EAS,43.3565,-1.7906
EAT,47.3989,-120.2070
EAU,44.8658,-91.4843
EAX,5.8638,-55.1895
EBA,42.7609,10.2398
EBB,0.0424,32.4435
EBD,13.1532,30.2327
EBG,7.5965,-74.8089
EBH,33.7217,1.0925
EBJ,55.5259,8.5534
EBL,36.2360,43.9466
EBM,31.7043,9.2546
EBN,9.3306,166.8200
EBO,4.5982,168.7520
EBS,42.4368,-93.8699
EBU,45.5406,4.2964
EBW,2.8760,11.1850
ECA,44.3128,-83.4223
ECG,36.2606,-76.1746
ECH,-36.1572,144.7620
ECI,11.4275,-86.0334
ECN,35.1531,33.5074
ECO,-1.7533,-73.2047
ECP,30.3571,-85.7954
ECR,2.4494,-78.0942
ECS,43.8838,-104.3142
EDA,55.9497,-133.6610
EDB,18.0146,30.9595
EDD,-25.2061,133.2542
EDE,36.0277,-76.5671
EDF,61.2517,-149.8071
EDI,55.9501,-3.3723
EDK,37.7741,-96.8176
EDL,0.4045,35.2389
EDM,46.7019,-1.3786
EDN,47.1782,138.6574
EDO,39.5525,27.0102
EDQ,14.2358,-88.4372
EDR,-14.8965,141.6091
EDW,34.9108,-117.8864
EEA,-27.6341,-50.3583
EED,34.7663,-114.6230
EEK,60.2132,-162.0440
EEN,42.8984,-72.2708
EES,23.9804,35.4603
EFD,29.6073,-95.1588
EFG,-9.1538,147.6598
EFK,44.8888,-72.2292
EFL,38.1201,20.5005
EFW,42.0099,-94.3417
EGA,-6.9179,146.1053
EGC,44.8253,0.5186
EGE,39.6426,-106.9180
EGH,31.0781,34.1531
EGI,30.6504,-86.5229
EGL,5.2897,39.7023
EGM,-8.5789,157.8760
EGN,13.4819,22.4671
EGO,50.6438,36.5901
EGP,28.8598,-100.5167
EGS,65.2833,-14.4014
EGV,45.9323,-89.2683
EGX,58.1844,-157.3749
EHL,-41.9432,-71.5323
EHM,58.6464,-162.0630
EHU,30.3412,115.0393
EIB,50.9916,10.4797
EIE,58.4742,92.1125
EIH,-18.5033,144.0940
EIK,46.6800,38.2100
EIL,64.6657,-147.1020
EIN,51.4501,5.3745
EIS,18.4455,-64.5417
EIY,30.6217,35.2033
EJA,7.0243,-73.8068
EJH,26.1986,36.4764
EJN,42.0155,101.0005
EJT,6.0404,171.9846
EKA,40.8034,-124.1130
EKB,51.5910,75.2150
EKD,-21.1725,135.4440
EKI,41.7194,-86.0032
EKN,38.8898,-79.8577
EKO,40.8249,-115.7920
EKS,49.1903,142.0830
EKT,59.3511,16.7084
EKX,37.6860,-85.9250
ELA,29.6006,-96.3219
ELB,9.0455,-73.9749
ELC,-12.0194,135.5710
ELD,33.2210,-92.8133
ELE,8.1072,-77.7255
ELF,13.6149,25.3246
ELG,30.5807,2.8616
ELH,25.4758,-76.6808
ELI,64.6147,-162.2720
ELJ,2.0000,-74.1333
ELK,35.4308,-99.3943
ELL,-23.7267,27.6883
ELM,42.1599,-76.8916
ELN,47.0330,-120.5310
ELO,-26.3975,-54.5747
ELP,31.8099,-106.3756
ELQ,26.3028,43.7744
ELR,-3.7859,139.3845
ELS,-33.0356,27.8259
ELT,28.2090,33.6455
ELU,33.5114,6.7768
ELV,58.1952,-136.3470
ELW,60.8938,-146.7040
ELX,8.8335,-64.2083
ELY,39.2997,-114.8420
ELZ,42.1095,-77.9900
EMA,52.8311,-1.3281
EMD,-23.5675,148.1790
EME,53.3911,7.2275
EMG,-28.7200,31.8900
EMI,-1.6539,149.9758
EMK,62.7861,-164.4910
EML,47.0924,8.3052
EMM,41.8241,-110.5570
EMN,16.6220,-7.3166
EMO,-9.1234,148.0415
EMP,38.3321,-96.1912
EMR,17.7521,-89.9249
EMS,-9.4470,148.7628
EMT,34.0861,-118.0350
EMX,-42.0292,-71.1725
EMY,28.0905,30.7387
ENA,60.5709,-151.2452
ENB,-29.8325,115.2460
ENC,48.6921,6.2305
END,36.3392,-97.9165
ENE,-8.8491,121.6610
ENF,68.3626,23.4243
ENG,-5.3056,102.1895
ENH,30.3203,109.4850
ENI,11.2024,119.4161
ENJ,14.1069,-90.8175
ENK,54.3983,-7.6512
ENL,38.5151,-89.0911
ENN,64.5488,-149.0745
ENO,-27.2275,-55.8376
ENS,52.2758,6.8892
ENT,11.3407,162.3280
ENU,6.4737,7.5605
ENV,40.7187,-114.0310
ENW,42.5957,-87.9278
ENY,36.4794,109.4641
EOH,6.2197,-75.5906
EOI,59.1906,-2.7722
EOK,40.4599,-91.4285
EOR,6.7157,-61.6388
EOS,36.8108,-94.3917
EOZ,7.0597,-69.4967
EPA,-34.6099,-58.6126
EPG,40.8675,-96.1100
EPH,47.3076,-119.5160
EPL,48.3250,6.0700
EPR,-33.6844,121.8230
EPT,-5.0412,141.6779
EPU,58.4190,24.4728
EQS,-42.9080,-71.1395
ERA,10.6421,47.3880
ERB,-26.2633,132.1820
ERC,39.7102,39.5270
ERD,46.8150,36.7581
ERE,-6.6065,143.9002
ERF,50.9783,10.9607
ERG,61.2750,108.0300
ERH,31.9475,-4.3983
ERI,42.0831,-80.1739
ERL,43.4241,112.0911
ERM,-27.6636,-52.2715
ERN,-6.6395,-69.8797
ERQ,-20.9764,141.0066
ERR,44.7925,-71.1642
ERS,-22.6049,17.0790
ERT,48.9831,104.1506
ERU,-8.2538,146.9747
ERV,29.9767,-99.0857
ERZ,39.9565,41.1702
ESA,-9.8743,150.9542
ESB,40.1281,32.9951
ESC,45.7232,-87.0886
ESD,48.7082,-122.9100
ESE,31.7945,-116.6024
ESF,31.3943,-92.2941
ESG,-22.0465,-60.6217
ESH,50.8356,-0.2972
ESK,39.7841,30.5821
ESL,46.3739,44.3309
ESM,0.9785,-79.6266
ESN,38.8042,-76.0690
ESO,36.0261,-106.0454
ESR,-26.3111,-69.7652
ESS,51.4023,6.9373
EST,43.4074,-94.7464
ESU,31.3975,-9.6817
ESW,47.2542,-121.1860
ETB,43.4223,-88.1290
ETD,-28.7408,138.5890
ETE,12.9330,36.1670
ETL,46.5417,138.3217
ETM,29.7270,35.0141
ETN,32.4135,-98.8098
ETR,-3.4420,-79.9970
ETS,31.2997,-85.8999
ETZ,48.9821,6.2513
EUA,-21.3783,-174.9580
EUC,-31.7071,128.8772
EUE,39.6042,-116.0050
EUF,31.9513,-85.1289
EUG,44.1246,-123.2120
EUM,54.0794,9.9414
EUN,27.1425,-13.2249
EUO,4.4013,-73.1884
EUQ,10.7666,121.9325
EUX,17.4965,-62.9794
EVD,-18.0010,134.8630
EVE,68.4913,16.6781
EVG,62.0478,14.4229
EVH,-29.1018,153.4193
EVM,47.4246,-92.4992
EVN,40.1489,44.3979
EVV,38.0370,-87.5324
EVW,41.2748,-111.0350
EVX,49.0287,1.2199
EWB,41.6761,-70.9569
EWE,-5.4962,138.0784
EWI,-3.9257,136.3786
EWK,38.0582,-97.2745
EWN,35.0730,-77.0429
EWO,-0.8830,14.8000
EWR,40.6894,-74.1705
EXI,58.4205,-135.4490
EXM,-22.0407,114.1027
EXT,50.7343,-3.4140
EYA,53.6870,127.0910
EYK,63.6869,66.6986
EYL,15.1237,-10.5712
EYP,5.3191,-72.3840
EYR,39.0041,-119.1580
EYS,3.2364,35.9749
EYW,24.5561,-81.7596
EZE,-34.8222,-58.5358
EZS,38.5980,39.2835
EZV,63.9210,65.0305
FAA,10.0355,-10.7698
FAB,51.2758,-0.7763
FAC,-16.6866,-145.3294
FAE,62.0633,-7.2758
FAF,37.1325,-76.6088
FAG,63.8747,-16.6411
FAH,32.3667,62.1653
FAI,64.8151,-147.8560
FAK,57.5322,-135.2130
FAM,37.7611,-90.4286
FAO,37.0159,-7.9709
FAQ,-4.6105,141.9601
FAR,46.9207,-96.8158
FAT,36.7758,-119.7180
FAU,22.3548,56.4841
FAV,-16.0541,-145.6570
FAY,34.9912,-78.8803
FAZ,28.8918,53.7233
FBA,-2.5326,-66.0832
FBD,37.1221,70.5201
FBE,-26.0594,-53.0638
FBG,35.1318,-78.9367
FBK,64.8375,-147.6140
FBL,44.3284,-93.3125
FBM,-11.5915,27.5308
FBR,41.3919,-110.4070
FBS,48.5373,-123.0100
FBY,40.1830,-97.1693
FCA,48.3105,-114.2560
FCB,-28.8231,27.9089
FCH,36.7324,-119.8200
FCM,44.8272,-93.4571
FCN,53.7677,8.6592
FCO,41.8045,12.2520
FCS,38.6784,-104.7570
FCY,34.9420,-90.7750
FDA,10.5333,-74.2000
FDE,61.3911,5.7569
FDF,14.5910,-61.0032
FDH,47.6713,9.5115
FDK,39.4176,-77.3743
FDR,34.3520,-98.9839
FDU,-3.3113,17.3817
FDY,41.0135,-83.6687
FEB,29.2366,81.2153
FEC,-12.2007,-38.9062
FEG,40.3588,71.7450
FEJ,-8.1412,-70.3408
FEN,-3.8545,-32.4230
FEP,42.2462,-89.5820
FET,41.4502,-96.5229
FEZ,33.9273,-4.9780
FFA,36.0182,-75.6713
FFD,51.6836,-1.7892
FFL,41.0530,-91.9801
FFM,46.2844,-96.1567
FFO,39.8261,-84.0483
FFT,38.1817,-84.9068
FFU,-43.1892,-71.8511
FGD,22.6736,-12.7293
FGI,-13.8492,-171.7399
FGL,-43.4631,170.0000
FGU,-15.8200,-140.8881
FHU,31.5874,-110.3482
FHZ,-15.9923,-140.1642
FID,41.2521,-72.0322
FIE,59.5347,-1.6285
FIG,10.3506,-13.5692
FIH,-4.3857,15.4446
FIK,-25.5947,134.5830
FIL,38.9583,-112.3630
FIN,-6.6218,147.8541
FIZ,-18.1836,125.5598
FJR,25.1084,56.3281
FKB,48.7794,8.0805
FKI,0.4816,25.3380
FKJ,36.1428,136.2240
FKL,41.3779,-79.8604
FKN,36.6981,-76.9038
FKQ,-2.9205,132.2670
FKS,37.2274,140.4310
FLA,1.5892,-75.5644
FLB,-6.8464,-43.0773
FLD,43.7712,-88.4884
FLF,54.7733,9.3789
FLG,35.1398,-111.6698
FLH,58.8258,-3.1428
FLL,26.0726,-80.1527
FLM,-22.3546,-60.0532
FLN,-27.6703,-48.5525
FLO,34.1854,-79.7239
FLP,36.2909,-92.5903
FLR,43.8086,11.2028
FLS,-40.0917,147.9930
FLT,62.4526,-157.9890
FLV,39.3683,-94.9147
FLW,39.4553,-31.1314
FLX,39.4991,-118.7490
FLY,-35.6589,145.5612
FLZ,1.5571,98.8871
FMA,-26.2127,-58.2281
FME,39.0854,-76.7594
FMG,10.4186,-85.7827
FMH,41.6579,-70.5216
FMI,-5.8756,29.2500
FMM,47.9881,10.2382
FMN,36.7412,-108.2300
FMO,52.1338,7.6885
FMS,40.6591,-91.3278
FMT,0.1926,73.1968
FMU,43.9828,-124.1110
FMY,26.5866,-81.8633
FNA,8.6164,-13.1955
FNB,53.6022,13.3060
FNC,32.6978,-16.7746
FND,6.1624,73.2875
FNE,-8.5493,147.0858
FNG,12.0389,0.3628
FNH,9.5844,37.3779
FNI,43.7574,4.4164
FNJ,39.2241,125.6700
FNL,40.4497,-105.0113
FNR,58.2544,-134.8980
FNT,42.9693,-83.7434
FNU,39.8953,8.6427
FOA,60.1219,-2.0534
FOB,39.4724,-123.7953
FOC,25.9293,119.6725
FOD,42.5526,-94.1912
FOE,38.9509,-95.6636
FOG,41.4336,15.5346
FOK,40.8437,-72.6318
FOM,5.6369,10.7508
FON,10.4693,-84.5791
FOO,-0.9357,134.8723
FOR,-3.7758,-38.5322
FOS,-30.8366,128.1128
FOT,-32.2025,152.4811
FOU,-1.2783,10.6125
FOY,8.3513,-10.2269
FPO,26.5580,-78.6956
FPR,27.4951,-80.3683
FPY,30.0693,-83.5806
FRA,50.0267,8.5584
FRB,-33.3636,147.9350
FRC,-20.5922,-47.3829
FRD,48.5237,-123.0246
FRE,-8.1075,159.5770
FRG,40.7286,-73.4143
FRH,38.5062,-86.6369
FRI,39.0530,-96.7642
FRK,-4.5828,55.9449
FRL,44.1948,12.0701
FRM,43.6439,-94.4156
FRN,61.2664,-149.6530
FRO,61.5836,5.0247
FRQ,-5.2080,141.6988
FRR,38.9175,-78.2535
FRS,16.9137,-89.8661
FRT,-41.0517,-73.3511
FRW,-21.1592,27.4688
FRY,43.9911,-70.9479
FRZ,51.1146,9.2860
FSC,41.5018,9.0971
FSD,43.5855,-96.7412
FSH,2.2696,97.9679
FSI,34.6498,-98.4022
FSK,37.7984,-94.7694
FSL,-18.1321,125.7873
FSM,35.3366,-94.3674
FSP,46.7627,-56.1750
FST,30.9157,-102.9160
FSU,34.4834,-104.2170
FSZ,34.7950,138.1910
FTA,-19.5164,170.2320
FTE,-50.2803,-72.0534
FTI,-14.2161,-169.4238
FTK,37.9071,-85.9721
FTU,-25.0381,46.9561
FTW,32.8199,-97.3608
FTX,-0.5246,15.9378
FTY,33.7791,-84.5214
FUB,-6.1518,150.6264
FUE,28.4527,-13.8638
FUG,32.8822,115.7344
FUJ,32.6663,128.8330
FUK,33.5859,130.4510
FUL,33.8720,-117.9800
FUM,-6.3933,142.4408
FUN,-8.5239,179.1970
FUO,23.0825,113.0708
FUT,-14.3116,-178.0665
FVL,-18.2978,128.4559
FVM,-0.3097,73.4350
FVR,-15.1647,127.8401
FWA,40.9789,-85.1945
FWH,32.7692,-97.4415
FWL,62.5093,-153.8923
FXE,26.1973,-80.1707
FXO,-14.8150,36.5300
FXY,43.2347,-93.6241
FYJ,48.1972,134.3630
FYM,35.0597,-86.5640
FYN,46.8042,89.5120
FYT,17.9171,19.1111
FYU,66.5717,-145.2500
FYV,36.0051,-94.1701
FZL,39.5946,47.1961
GAA,9.1500,-74.2333
GAB,38.9232,-117.9572
GAC,14.5735,-88.5958
GAD,33.9726,-86.0890
GAE,33.7337,9.9194
GAF,34.4220,8.8225
GAG,36.2955,-99.7764
GAH,-25.6159,151.6206
GAI,39.1683,-77.1660
GAJ,38.4119,140.3710
GAL,64.7362,-156.9370
GAM,63.7677,-171.7333
GAN,-0.6930,73.1526
GAO,20.0853,-75.1583
GAP,-6.0532,145.9590
GAQ,16.2485,-0.0054
GAR,-7.8756,147.1413
GAS,-0.4635,39.6483
GAT,44.4550,6.0378
GAU,26.1067,91.5852
GAV,-0.4006,129.8950
GAW,22.1747,94.1344
GAX,-2.7853,10.0472
GAY,24.7443,84.9512
GAZ,-9.2259,152.9444
GBA,51.6685,-2.0566
GBB,40.8086,47.7254
GBC,-6.1028,141.7393
GBD,38.3443,-98.8592
GBE,-24.5552,25.9182
GBF,-6.5678,144.7031
GBG,40.9380,-90.4311
GBH,68.4797,-149.4900
GBI,17.3082,76.9652
GBJ,15.8689,-61.2701
GBK,7.8125,-12.3778
GBL,-11.6500,133.3820
GBM,3.3229,42.2131
GBP,-16.5441,143.6682
GBR,42.1842,-73.4032
GBT,36.9094,54.4013
GBU,14.9250,35.8780
GBV,-16.4187,126.4457
GBW,-22.5812,120.0355
GBZ,-36.2414,175.4720
GCA,2.2833,-74.9500
GCC,44.3489,-105.5390
GCD,47.9220,-119.0830
GCH,30.3339,50.8338
GCI,49.4350,-2.6020
GCJ,-25.9863,28.1401
GCK,37.9275,-100.7240
GCM,19.2928,-81.3577
GCN,35.9524,-112.1470
GCT,36.2580,-113.2311
GCV,-29.9494,-50.9851
GCW,35.9858,-113.8171
GCY,36.1956,-82.8115
GDB,21.5268,80.2903
GDC,34.7583,-82.3764
GDD,-18.6781,128.5920
GDE,5.9351,43.5786
GDH,59.7470,-158.8750
GDI,9.5811,21.7282
GDL,20.5233,-103.3101
GDM,42.5500,-72.0161
GDN,54.3776,18.4662
GDO,7.2108,-70.7564
GDP,-6.7822,-43.5822
GDQ,12.5199,37.4340
GDR,-22.9753,-44.3071
GDT,21.4445,-71.1423
GDV,47.1377,-104.8069
GDW,43.9706,-84.4750
GDX,59.9110,150.7200
GDZ,44.5821,38.0125
GEA,-22.2577,166.4728
GEB,-0.0789,129.4580
GEC,35.2359,33.7201
GED,38.6892,-75.3589
GEE,-41.0795,146.8391
GEF,-7.5758,156.5970
GEG,47.6199,-117.5340
GEL,-28.2825,-54.1696
GEM,1.6764,11.0249
GEO,6.4985,-58.2541
GER,21.8347,-82.7838
GES,6.0572,125.0962
GET,-28.7961,114.7070
GEV,67.1324,20.8146
GEW,-9.2263,148.4949
GEY,44.5168,-108.0830
GFA,47.5047,-111.1870
GFD,39.7907,-85.7350
GFE,-34.0000,148.1330
GFF,-34.2508,146.0670
GFK,47.9493,-97.1761
GFL,43.3412,-73.6103
GFN,-29.7548,153.0312
GFO,6.3589,-58.6552
GFR,48.8831,-1.5642
GFY,-19.6022,18.1227
GGB,-14.0200,-52.1520
GGC,-14.1051,21.4508
GGD,-18.6250,139.2330
GGE,33.3117,-79.3196
GGF,-1.4795,-52.5782
GGG,32.3840,-94.7115
GGH,-23.6916,-52.6421
GGJ,-24.0811,-54.1917
GGM,0.2714,34.7881
GGN,6.1029,-5.9868
GGO,6.5347,-7.5268
GGR,8.4585,48.5681
GGS,-48.7831,-70.1500
GGT,23.5626,-75.8780
GGW,48.2125,-106.6150
GHA,32.3841,3.7941
GHB,25.2847,-76.3310
GHC,25.7383,-77.8401
GHE,8.0644,-78.3673
GHF,49.6481,9.9664
GHK,63.4352,-109.1448
GHM,35.8374,-87.4454
GHN,30.9485,104.3296
GHS,-0.2036,115.7600
GHT,25.1456,10.1426
GHU,-33.0056,-58.6128
GHV,45.7056,25.5229
GIB,36.1517,-5.3498
GIC,-9.2328,142.2180
GID,-3.4172,29.9113
GIF,28.0629,-81.7533
GIG,-22.8100,-43.2506
GII,11.3998,-9.1884
GIL,35.9188,74.3336
GIM,-0.0289,11.4180
GIR,4.2762,-74.7967
GIS,-38.6633,177.9780
GIT,-2.8137,32.1725
GIU,7.9567,80.7285
GIY,-23.2833,30.6500
GIZ,16.9011,42.5858
GJA,16.4454,-85.9066
GJL,36.7941,5.8737
GJM,-10.7864,-65.2849
GJR,65.9953,-21.3269
GJT,39.1267,-108.5294
GKA,-6.0817,145.3920
GKD,40.2045,25.8833
GKE,50.9608,6.0424
GKH,28.0385,84.4664
GKK,0.7324,73.4336
GKL,-23.1846,150.9416
GKN,62.1559,-145.4547
GKT,35.8578,-83.5287
GLA,55.8719,-4.4331
GLB,33.3531,-110.6670
GLC,6.9844,46.4214
GLD,39.3707,-101.6998
GLE,33.6514,-97.1970
GLF,8.6540,-83.1822
GLG,-24.8083,139.6000
GLH,33.4829,-90.9856
GLI,-29.6760,151.6912
GLK,6.7808,47.4547
GLL,60.7911,9.0487
GLM,-22.8883,138.8250
GLN,29.0267,-10.0503
GLO,51.8942,-2.1672
GLP,-5.2808,141.5411
GLR,45.0135,-84.7036
GLS,29.2653,-94.8604
GLT,-23.8698,151.2254
GLU,26.8846,90.4641
GLV,64.5505,-163.0070
GLW,37.0318,-85.9537
GLX,1.8381,127.7862
GLZ,51.5674,4.9318
GMA,3.2354,19.7713
GMB,8.1288,34.5631
GMC,3.6300,-70.3230
GMD,33.6554,-7.2214
GME,52.5270,31.0167
GMI,-6.2711,150.3310
GMM,-1.8294,15.8852
GMN,-42.4617,171.1900
GMO,10.2989,10.9000
GMP,37.5583,126.7910
GMQ,34.4181,100.3011
GMR,-23.0799,-134.8900
GMS,-2.1094,-44.6511
GMT,65.4021,-161.2810
GMU,34.8479,-82.3502
GMV,37.0159,-110.2020
GMZ,28.0296,-17.2146
GNA,53.6020,24.0538
GNB,45.3629,5.3294
GND,12.0040,-61.7853
GNE,51.0206,3.7303
GNF,39.9439,-120.9450
GNG,42.9172,-114.7650
GNI,22.6739,121.4660
GNJ,40.7387,46.3204
GNM,-14.2082,-42.7461
GNN,7.1500,40.7170
GNR,-39.0007,-67.6205
GNS,1.1663,97.7052
GNT,35.1673,-107.9020
GNU,59.1176,-161.5752
GNV,29.6901,-82.2718
GNY,37.4457,38.8956
GNZ,-21.6925,21.6581
GOA,44.4120,8.8407
GOB,7.1190,40.0452
GOC,-9.0021,148.2364
GOE,-5.5277,151.5733
GOG,-22.5044,18.9731
GOH,64.1911,-51.6791
GOI,15.3801,73.8333
GOJ,56.2274,43.7852
GOK,35.8498,-97.4156
GOL,42.4134,-124.4240
GOM,-1.6668,29.2380
GON,41.3301,-72.0451
GOO,-28.5214,150.3200
GOP,26.7397,83.4497
GOQ,36.4006,94.7861
GOR,8.1614,35.5529
GOS,-33.3677,151.2998
GOT,57.6628,12.2798
GOU,9.3348,13.3721
GOV,-12.2694,136.8180
GOX,15.7443,73.8606
GOY,64.3335,100.4329
GOZ,43.1514,25.7129
GPA,38.1511,21.4256
GPB,-25.3883,-51.5235
GPD,-19.7726,139.4042
GPI,2.5701,-77.8980
GPL,10.2172,-83.7970
GPN,-11.3997,130.4256
GPO,-35.6962,-63.7583
GPS,-0.4538,-90.2659
GPT,30.4056,-89.0698
GPZ,47.2111,-93.5098
GQQ,40.7534,-82.7238
GRA,8.2020,-73.7653
GRB,44.4835,-88.1308
GRC,4.5710,-8.2076
GRD,34.2487,-82.1591
GRE,38.8368,-89.3765
GRF,47.0792,-122.5810
GRG,33.6274,69.2370
GRI,40.9675,-98.3096
GRJ,-34.0056,22.3789
GRK,31.0672,-97.8289
GRL,-7.9807,147.2135
GRM,47.8383,-90.3829
GRN,42.8060,-102.1750
GRO,41.9046,2.7618
GRP,-11.7396,-49.1322
GRQ,53.1191,6.5777
GRR,42.8808,-85.5228
GRS,42.7597,11.0719
GRT,32.6283,74.0673
GRU,-23.4313,-46.4700
GRV,43.3881,45.6998
GRW,39.0922,-28.0298
GRX,37.1887,-3.7774
GRY,66.5458,-18.0173
GRZ,46.9911,15.4396
GSA,4.4098,115.7245
GSB,35.3394,-77.9606
GSC,-25.0546,115.2026
GSE,57.7747,11.8704
GSH,41.5264,-85.7929
GSI,4.2858,-54.3731
GSJ,13.9362,-90.8358
GSL,62.5981,-111.5430
GSM,26.7546,55.9024
GSN,-31.4597,137.1744
GSO,36.0994,-79.9373
GSP,34.8957,-82.2189
GSQ,22.5843,28.7216
GSR,9.5460,49.1191
GSS,-24.9474,31.4488
GST,58.4253,-135.7070
GSV,51.7128,46.1711
GTA,-8.7384,158.2028
GTC,-2.7423,31.7068
GTE,-13.9724,136.4586
GTF,47.4820,-111.3710
GTG,45.7981,-92.6644
GTI,54.3835,13.3255
GTK,2.6412,102.8930
GTN,-43.9067,170.1280
GTO,0.6371,122.8500
GTP,42.5101,-123.3880
GTR,33.4503,-88.5914
GTS,-20.5483,130.3470
GTT,-18.3027,143.5309
GTY,39.8412,-77.2747
GTZ,-2.1608,34.2256
GUA,14.5829,-90.5275
GUB,28.0261,-114.0240
GUC,38.5347,-106.9346
GUD,16.3584,-3.6045
GUE,-3.5832,141.5895
GUF,30.2905,-87.6718
GUG,-8.1286,146.8722
GUH,-30.9575,150.2490
GUI,10.5741,-62.3127
GUJ,-22.7916,-45.2048
GUL,-34.8103,149.7260
GUM,13.4850,144.7973
GUO,5.3174,45.9853
GUP,35.5117,-108.7882
GUQ,9.0269,-69.7552
GUR,-10.3115,150.3340
GUS,40.6481,-86.1521
GUU,64.9914,-23.2247
GUV,-6.2809,142.4208
GUW,47.1213,51.8203
GUX,24.6547,77.3473
GUY,36.6851,-101.5080
GUZ,-20.6465,-40.4919
GVA,46.2381,6.1090
GVE,38.1560,-78.1658
GVI,-3.9022,141.1705
GVL,34.2726,-83.8302
GVN,48.9251,140.0353
GVP,-18.9966,145.0136
GVR,-18.8959,-41.9829
GVT,33.0678,-96.0653
GVX,60.5944,16.9511
GWA,17.6000,94.5833
GWD,25.2967,62.4988
GWE,-19.4367,29.8619
GWL,26.2933,78.2278
GWO,33.4950,-90.0882
GWS,39.5061,-107.3092
GWT,54.9132,8.3405
GWV,39.9487,-80.7595
GXF,15.9659,48.7881
GXG,-7.7545,15.2877
GXH,34.8190,102.6223
GXM,-1.1289,113.8731
GXQ,-45.5942,-72.1061
GXX,10.3561,15.2372
GXY,40.4374,-104.6330
GYA,-10.8886,-65.3810
GYB,-21.0366,118.6429
GYD,40.4728,50.0509
GYE,-2.1574,-79.8836
GYG,62.1035,129.5453
GYI,-1.6772,29.2589
GYL,-16.6369,128.4514
GYM,27.9690,-110.9250
GYN,-16.6320,-49.2207
GYO,3.9455,97.3597
GYP,-26.2901,152.7030
GYR,33.4225,-112.3760
GYS,32.3903,105.6946
GYU,36.0789,106.2169
GYY,41.6171,-87.4132
GYZ,-28.0345,123.8151
GZG,31.7575,99.5542
GZI,33.4879,68.5252
GZM,36.0272,14.2728
GZO,-8.0978,156.8640
GZP,36.2988,32.2970
GZT,36.9472,37.4787
GZW,36.2401,50.0471
HAA,70.4867,22.1397
HAB,34.1176,-87.9982
HAC,33.1148,139.7856
HAD,56.6911,12.8202
HAE,36.1916,-113.0920
HAF,37.5134,-122.5010
HAH,-11.5337,43.2719
HAI,41.9598,-85.5934
HAJ,52.4611,9.6851
HAK,19.9349,110.4590
HAL,-19.0285,16.4585
HAM,53.6304,9.9882
HAN,21.2212,105.8070
HAO,39.3638,-84.5220
HAP,-20.3358,148.8525
HAQ,6.7432,73.1671
HAR,40.2171,-76.8515
HAS,27.4379,41.6863
HAT,-11.7369,142.5770
HAU,59.3453,5.2084
HAV,22.9892,-82.4091
HAW,51.8331,-4.9611
HAY,8.2470,-73.5814
HAZ,-4.4033,145.2056
HBA,-42.8370,147.5130
HBB,32.7668,-103.2090
HBD,-6.3200,142.4893
HBE,30.9325,29.6964
HBG,31.2648,-89.2528
HBH,57.4122,-133.4385
HBK,34.9407,-110.1380
HBQ,38.0081,100.6451
HBR,34.9913,-99.0513
HBT,6.1240,81.1030
HBU,46.1006,91.5842
HBX,15.3611,75.0821
HCA,32.2126,-101.5220
HCC,42.2913,-73.7103
HCJ,24.8043,107.7108
HCM,8.1040,49.8200
HCN,22.0411,120.7300
HCQ,-18.2339,127.6700
HCR,62.1883,-159.7750
HCW,34.7129,-79.9570
HCZ,25.7534,112.8454
HDD,25.3181,68.3661
HDE,40.4521,-99.3365
HDF,53.8787,14.1523
HDG,36.5248,114.4241
HDH,21.5795,-158.1970
HDK,6.6308,73.0678
HDM,34.8664,48.5607
HDN,40.4812,-107.2180
HDO,28.7077,77.3589
HDR,27.1583,56.1725
HDS,-24.3619,31.0529
HDY,6.9332,100.3930
HEA,34.2100,62.2283
HEB,17.6333,95.4667
HED,55.8023,-160.9013
HEE,34.5766,-90.6762
HEG,9.9949,29.3977
HEH,20.7471,96.7920
HEI,54.1533,8.9017
HEK,50.1716,127.3089
HEL,60.3184,24.9633
HEN,60.1478,24.9244
HEO,-9.1366,147.5984
HER,35.3397,25.1803
HES,45.8282,-119.2590
HET,40.8497,111.8246
HEW,29.1226,120.2429
HEY,31.3460,-85.6543
HEZ,31.6148,-91.2973
HFA,32.8102,35.0437
HFD,41.7367,-72.6494
HFE,31.9878,116.9769
HFF,35.0361,-79.4986
HFN,64.2956,-15.2272
HFS,60.0201,13.5789
HFT,70.6797,23.6686
HGA,9.5141,44.0835
HGD,-20.8150,144.2250
HGE,10.4625,-66.0928
HGH,30.2361,120.4289
HGI,26.9668,93.6388
HGL,54.1853,7.9158
HGN,19.3013,97.9758
HGO,9.3872,-5.5567
HGR,39.7088,-77.7280
HGS,8.3943,-13.1289
HGT,35.9935,-121.2370
HGU,-5.8282,144.2994
HGZ,66.1761,-155.6848
HHE,40.5512,141.4654
HHH,32.2244,-80.6975
HHI,21.4816,-158.0370
HHN,49.9464,7.2617
HHP,22.2889,114.1524
HHQ,12.6362,99.9515
HHR,33.9228,-118.3350
HHZ,-17.5483,-142.6120
HIA,33.7927,119.1267
HIB,47.3848,-92.8369
HID,-10.5856,142.2928
HIE,44.3675,-71.5458
HIF,41.1240,-111.9731
HIG,-16.4241,143.1453
HII,34.5705,-114.3577
HIJ,34.4361,132.9190
HIL,6.0775,44.7637
HIM,8.0498,80.9814
HIN,35.0886,128.0717
HIO,45.5404,-122.9500
HIP,-21.3333,138.2830
HIR,-9.4280,160.0550
HIS,-20.0600,148.8810
HIT,-6.9406,143.0590
HIW,34.3715,132.4177
HJB,42.9764,83.9955
HJJ,27.4431,109.7047
HJR,24.8172,79.9186
HJT,46.9258,102.7730
HKA,35.9404,-89.8308
HKB,63.9958,-144.6926
HKD,41.7700,140.8220
HKG,22.3118,113.9149
HKK,-42.7136,170.9850
HKN,-5.4638,150.4073
HKR,-1.1454,35.1249
HKS,32.3345,-90.2222
HKT,8.1133,98.3174
HKY,35.7411,-81.3895
HLA,-25.9390,27.9266
HLB,39.3429,-85.2584
HLC,39.3788,-99.8315
HLD,49.2086,119.8223
HLE,-15.9589,-5.6461
HLF,57.5258,15.8233
HLG,40.1750,-80.6463
HLH,46.1953,122.0083
HLI,36.8933,-121.4100
HLJ,46.1278,125.7735
HLL,-21.7183,119.4403
HLM,42.7959,-86.1620
HLN,46.6068,-111.9830
HLP,-6.2670,106.8903
HLR,31.1387,-97.7145
HLS,-41.3367,148.2820
HLT,-37.6489,142.0650
HLV,-15.6858,145.2150
HLW,-28.0166,32.2752
HLZ,-37.8670,175.3320
HMA,61.0285,69.0861
HMB,26.3425,31.7430
HME,31.6730,6.1404
HMG,-23.9265,132.8078
HMI,42.8414,93.6692
HMJ,49.3597,26.9334
HMN,32.8525,-106.1070
HMO,29.0928,-111.0530
HMR,60.8181,11.0680
HMS,-1.0258,114.9288
HMT,33.7340,-117.0230
HMV,65.8061,15.0828
HMY,36.7040,126.4860
HNA,39.4286,141.1350
HNB,38.2490,-86.9537
HNC,35.2328,-75.6178
HND,35.5497,139.7870
HNG,36.3367,100.4800
HNH,58.0961,-135.4101
HNI,-7.4223,146.4276
HNL,21.3184,-157.9257
HNM,20.7956,-156.0140
HNN,-6.2457,142.1771
HNS,59.2439,-135.5239
HNY,26.7221,112.6180
HOA,-1.5213,40.0036
HOB,32.6875,-103.2170
HOC,-7.3984,145.8827
HOE,20.2573,100.4370
HOF,25.2853,49.4852
HOG,20.7851,-76.3155
HOH,47.3845,9.6998
HOI,-18.0748,-140.9460
HOK,-18.3367,130.6380
HOM,59.6445,-151.4792
HON,44.3852,-98.2285
HOO,11.9787,107.5638
HOP,36.6742,-87.4897
HOQ,50.2885,11.8529
HOR,38.5199,-28.7159
HOS,-37.4447,-70.2225
HOT,34.4788,-93.0963
HOU,29.6453,-95.2768
HOV,62.1800,6.0741
HOX,24.8996,94.9140
HPA,-19.7770,-174.3410
HPB,61.5239,-166.1470
HPE,-15.2923,145.1035
HPG,31.6260,110.3400
HPH,20.8174,106.7243
HPN,41.0670,-73.7076
HPR,-25.6557,28.2206
HPT,42.7237,-93.2263
HPV,22.2093,-159.4452
HPY,29.7861,-94.9527
HQL,37.6613,75.2889
HQM,46.9712,-123.9370
HQQ,35.8708,114.4619
HRA,50.5402,15.0066
HRB,45.6234,126.2500
HRC,48.3974,70.1915
HRE,-17.9318,31.0928
HRF,6.9697,72.8963
HRG,27.1768,33.7967
HRH,27.8614,78.1454
HRI,6.2839,81.1242
HRK,49.9269,36.2908
HRL,26.2285,-97.6544
HRM,32.9304,3.3115
HRO,36.2615,-93.1547
HRR,3.2167,-75.8500
HRS,-28.2351,29.1062
HRY,-24.5840,133.2360
HRZ,-27.6383,-54.3391
HSA,43.3111,68.5504
HSB,37.8113,-88.5503
HSC,24.9786,113.4210
HSF,44.4539,130.8439
HSG,33.1497,130.3020
HSH,35.9728,-115.1340
HSI,40.6053,-98.4279
HSJ,34.8422,113.2740
HSK,42.0761,-0.3167
HSL,65.6979,-156.3510
HSM,-36.6697,142.1730
HSN,29.9339,122.3623
HSP,37.9514,-79.8339
HSR,22.3788,71.0394
HSS,29.1861,75.7414
HST,25.4886,-80.3836
HSV,34.6362,-86.7744
HSZ,24.8180,120.9390
HTA,52.0248,113.3058
HTG,71.9781,102.4910
HTH,38.5444,-118.6340
HTI,-20.3581,148.9520
HTL,44.3598,-84.6711
HTM,50.4360,100.1395
HTN,37.0385,79.8649
HTO,40.9600,-72.2511
HTR,24.0598,123.8056
HTS,38.3667,-82.5580
HTT,38.2016,90.8378
HTU,-35.7153,142.3600
HTV,30.7469,-95.5872
HTW,38.4191,-82.4949
HTY,36.3608,36.2856
HTZ,6.1533,-71.7620
HUA,34.6787,-86.6848
HUB,-16.4897,130.6303
HUC,18.1381,-65.8007
HUD,42.7348,-94.2453
HUE,13.8301,36.8824
HUF,39.4515,-87.3076
HUG,15.3167,-91.5056
HUH,-16.6871,-151.0216
HUI,16.4006,107.7041
HUJ,34.0348,-95.5419
HUK,-23.9897,21.7581
HUL,46.1231,-67.7921
HUM,29.5665,-90.6604
HUN,24.0232,121.6180
HUO,45.4872,119.4072
HUQ,29.1101,15.9656
HUS,66.0411,-154.2630
HUT,38.0655,-97.8606
HUU,-9.8788,-76.2048
HUV,61.7681,17.0807
HUW,-7.5321,-63.0721
HUX,15.7754,-96.2605
HUY,53.5762,-0.3495
HUZ,23.0500,114.6000
HVA,-14.6295,47.7636
HVB,-25.3201,152.8807
HVD,47.9541,91.6282
HVE,38.4180,-110.7040
HVG,71.0097,25.9836
HVK,65.7047,-21.6964
HVN,41.2629,-72.8877
HVR,48.5414,-109.7629
HVS,34.4031,-80.1192
HWA,-7.3930,146.0035
HWD,37.6592,-122.1220
HWI,58.1274,-134.7560
HWK,-31.8559,138.4681
HWN,-18.6299,27.0210
HWO,26.0012,-80.2407
HWR,30.7485,75.6298
HXD,37.1253,97.2687
HXX,-34.5314,144.8300
HYA,41.6693,-70.2804
HYC,51.6118,-0.8083
HYD,17.2313,78.4299
HYF,-3.6984,143.0579
HYG,55.2052,-132.8303
HYL,55.4815,-132.6460
HYN,28.5622,121.4290
HYR,46.0252,-91.4443
HYS,38.8445,-99.2731
HYV,60.6544,24.8811
HZA,35.2130,115.7367
HZB,50.6184,2.6422
HZG,33.1335,107.2038
HZH,26.3222,109.1499
HZK,65.9523,-17.4260
HZL,40.9868,-75.9949
HZP,57.3817,-111.7010
HZU,30.6773,104.5294
HZV,-25.0501,31.1319
IAA,67.4372,86.6219
IAB,37.6219,-97.2682
IAD,38.9445,-77.4558
IAG,43.1073,-78.9462
IAH,29.9844,-95.3414
IAL,-6.2782,143.9944
IAM,28.0515,9.6429
IAN,66.9761,-160.4390
IAO,9.8591,126.0140
IAQ,29.8401,50.2727
IAR,57.5607,40.1574
IAS,47.1796,27.6214
IAX,5.5604,126.5801
IBA,7.3625,3.9783
IBB,-0.9426,-90.9530
IBE,4.4216,-75.1333
IBI,-5.5536,149.1900
IBL,-21.7080,35.4528
IBM,-21.2876,118.8825
IBO,-12.3502,40.6023
IBP,-11.4116,-69.4887
IBR,36.1815,140.4144
IBZ,38.8729,1.3731
ICA,4.3381,-61.7387
ICC,10.7944,-63.9816
ICI,-17.7433,-179.3420
ICK,5.9554,-57.0406
ICL,40.7218,-95.0264
ICN,37.4691,126.4510
ICO,11.4595,123.2506
ICS,44.4938,-116.0160
ICT,37.6503,-97.4286
ICY,59.9663,-141.6601
IDA,43.5146,-112.0710
IDB,61.8697,12.6894
IDF,-4.9706,19.5787
IDG,42.3326,-95.4449
IDH,45.9426,-116.1230
IDI,40.6311,-79.1019
IDK,-26.9654,133.3220
IDN,-6.2266,147.2440
IDO,-11.5723,-50.6662
IDP,37.1584,-95.7784
IDR,22.7214,75.8005
IDY,46.7176,-2.3925
IEG,52.1385,15.7986
IEJ,26.7225,127.7868
IES,51.2936,13.3561
IEV,50.4019,30.4519
IFA,42.4708,-93.2700
IFF,-18.9000,141.2170
IFH,32.9289,51.5611
IFJ,66.0581,-23.1353
IFL,-17.5594,146.0120
IFN,32.7551,51.8839
IFO,48.8842,24.6861
IFP,35.1547,-114.5593
IFU,5.7083,73.0250
IGA,20.9750,-73.6669
IGB,-41.3209,-69.5749
IGD,39.9766,43.8766
IGE,-1.9308,9.3196
IGG,59.3240,-155.9020
IGH,-18.6641,146.1458
IGL,38.5130,27.0101
IGM,35.2595,-113.9380
IGN,8.1305,124.2150
IGO,7.6776,-76.6832
IGR,-25.7373,-54.4734
IGS,48.7157,11.5340
IGT,43.3233,45.0126
IGU,-25.5942,-54.4894
IHC,-25.9971,32.9294
IHN,15.4170,51.6830
IHO,-22.4047,46.1649
IHR,27.2361,60.7200
IHU,-7.8976,145.3960
IIA,53.0930,-9.5681
IIL,33.5866,46.4048
IIS,-4.4997,154.2260
IJK,56.8345,53.4622
IJU,-28.3687,-53.8466
IJX,39.7746,-90.2383
IKA,35.4161,51.1522
IKB,36.2228,-81.0983
IKE,70.4981,-51.3031
IKG,42.5081,78.4078
IKI,33.7490,129.7850
IKK,41.0714,-87.8463
IKL,-1.0481,23.3725
IKO,52.9416,-168.8495
IKP,-16.2292,141.4346
IKS,71.6977,128.9030
IKT,52.2667,104.3956
IKU,42.5856,76.7012
ILA,-3.9765,137.6225
ILD,41.7282,0.5350
ILE,31.0858,-97.6865
ILF,56.0516,-95.6188
ILG,39.6787,-75.6065
ILH,49.4739,10.3881
ILI,59.7544,-154.9110
ILK,-19.5830,48.8030
ILL,45.1176,-95.1323
ILM,34.2723,-77.9051
ILN,39.4279,-83.7921
ILO,10.8330,122.4934
ILP,-22.5889,167.4560
ILQ,-17.6950,-71.3440
ILR,8.4402,4.4939
ILS,13.6995,-89.1199
ILU,-2.9068,38.0717
ILY,55.6827,-6.2575
ILZ,49.2333,18.6134
IMA,-9.5107,150.5246
IMB,5.7081,-60.2942
IMD,-3.3280,141.1573
IMF,24.7600,93.8967
IMG,-18.4100,35.0045
IMI,7.0056,171.6570
IMK,29.9711,81.8189
IML,40.5093,-101.6210
IMM,26.4279,-81.4035
IMN,-6.7524,146.1072
IMO,5.0022,25.1019
IMP,-5.5313,-47.4600
IMQ,39.1913,44.9285
IMT,45.8191,-88.1146
IMZ,30.9633,62.0608
INA,66.0534,60.1058
INB,16.5346,-88.4416
INC,38.3228,106.3932
IND,39.7173,-86.2944
INE,-18.5900,36.4489
INF,19.5605,5.7493
INH,-23.8764,35.4085
INI,43.3365,21.8562
INJ,-25.8510,148.5497
INK,31.7796,-103.2010
INL,48.5662,-93.4031
INM,-27.6976,140.7395
INN,47.2602,11.3440
INO,-1.9472,18.2858
INQ,53.0647,-9.5109
INS,36.5872,-115.6730
INT,36.1337,-80.2220
INU,-0.5479,166.9195
INV,57.5425,-4.0475
INW,35.0219,-110.7230
INX,-2.1274,132.1601
INY,-24.7777,31.3855
INZ,27.2510,2.5120
IOA,39.6964,20.8225
IOK,-8.4010,146.2770
IOM,54.0831,-4.6239
ION,1.5900,18.0466
IOP,-8.3614,147.8400
IOQ,65.5478,-38.9766
IOR,53.1067,-9.6536
IOS,-14.8159,-39.0335
IOT,71.2419,-53.5629
IOW,41.6392,-91.5465
IPA,-18.8564,169.2833
IPC,-27.1654,-109.4210
IPE,7.7849,122.6015
IPG,-2.9401,-69.6943
IPH,4.5673,101.0916
IPI,0.8619,-77.6718
IPL,32.8354,-115.5740
IPN,-19.4707,-42.4876
IPT,41.2421,-76.9224
IPU,-14.1735,-39.6840
IPZ,9.3487,-83.7123
IQA,33.7856,42.4412
IQM,38.2345,85.4655
IQN,35.8026,107.5989
IQQ,-20.5363,-70.1814
IQT,-3.7847,-73.3088
IRA,-10.4497,161.8980
IRB,30.9057,-101.8920
IRC,65.8277,-144.0762
IRD,24.1525,89.0494
IRE,-11.3399,-41.8470
IRG,-12.7869,143.3050
IRI,-7.6686,35.7521
IRJ,-29.3816,-66.7958
IRK,40.0935,-92.5449
IRM,63.2004,64.4401
IRN,15.9392,-85.1372
IRO,10.2364,22.7169
IRP,2.8276,27.5883
IRS,41.8133,-85.4390
IRU,9.2997,80.4486
IRZ,-0.3786,-64.9926
ISA,-20.6664,139.4885
ISB,33.5490,72.8257
ISC,49.9134,-6.2919
ISD,2.4458,-77.9818
ISE,37.8554,30.3684
ISG,24.3964,124.2450
ISI,-24.2583,144.4250
ISJ,21.2460,-86.7404
ISK,20.1191,73.9129
ISL,40.9719,28.8237
ISM,28.2898,-81.4371
ISO,35.3314,-77.6088
ISP,40.7963,-73.1017
ISQ,45.9746,-86.1718
ISS,43.9614,-69.7126
IST,41.2749,28.7321
ISU,35.5605,45.3151
ISW,44.3603,-89.8390
ITA,-3.1265,-58.4817
ITB,-4.2421,-56.0007
ITE,-13.7316,-39.1404
ITH,42.4910,-76.4584
ITI,-18.1476,-41.7150
ITJ,-26.9831,-48.8164
ITK,-9.2015,148.2643
ITM,34.7809,135.4408
ITN,-14.8105,-39.2904
ITO,19.7214,-155.0454
ITP,-21.2193,-41.8759
ITQ,-29.1720,-56.5383
ITR,-18.4447,-49.2134
ITU,45.2564,147.9555
IUA,42.9089,-77.3252
IUE,-19.0801,-169.9235
IUI,73.1999,-56.0108
IUL,-3.7051,138.2002
IUP,-7.1728,-59.8396
IVA,-13.4848,48.6327
IVC,-46.4124,168.3130
IVG,42.8390,19.8620
IVI,8.4693,-79.0016
IVL,68.6073,27.4053
IVO,10.0167,-74.6833
IVR,-29.8883,151.1440
IVW,-17.8411,129.6430
IWA,56.9394,40.9408
IWD,46.5253,-90.1316
IWJ,34.6764,131.7900
IWK,34.1463,132.2472
IWO,24.7842,141.3226
IWS,29.8182,-95.6726
IXA,23.8870,91.2404
IXB,26.6812,88.3286
IXC,30.6735,76.7885
IXD,25.4401,81.7339
IXE,12.9547,74.8868
IXG,15.8593,74.6183
IXH,24.3087,92.0077
IXI,27.2957,94.0973
IXJ,32.6888,74.8382
IXK,21.3171,70.2704
IXL,34.1359,77.5465
IXM,9.8345,78.0934
IXN,24.0619,91.6039
IXP,32.2336,75.6344
IXQ,24.1343,91.8108
IXR,23.3143,85.3217
IXS,24.9129,92.9787
IXT,28.0648,95.3370
IXU,19.8629,75.3963
IXV,28.1753,94.8020
IXW,22.8137,86.1690
IXX,17.9081,77.4871
IXY,23.1127,70.1003
IXZ,11.6402,92.7290
IYK,35.6588,-117.8300
IZA,-21.5131,-43.1731
IZE,53.9920,9.5764
IZM,37.9507,27.3290
IZO,35.4136,132.8900
IZT,16.4460,-95.0937
JAA,34.3998,70.4986
JAB,-12.6581,132.8946
JAC,43.6073,-110.7380
JAD,-32.0975,115.8810
JAE,-5.5925,-78.7740
JAF,9.7923,80.0701
JAG,28.2842,68.4497
JAH,43.2867,5.6039
JAI,26.8242,75.8122
JAK,18.2411,-72.5185
JAL,19.4751,-96.7970
JAM,42.4549,26.3522
JAN,32.3112,-90.0759
JAP,9.9814,-84.7727
JAQ,-5.6525,151.5070
JAR,28.5867,53.5791
JAS,30.8857,-94.0349
JAT,7.7498,168.9778
JAU,-11.7831,-75.4734
JAV,69.2432,-51.0571
JAW,-7.5864,-40.5354
JAX,30.4925,-81.6878
JBB,-8.2425,113.6935
JBK,44.1661,89.5501
JBQ,18.5725,-69.9856
JBR,35.8317,-90.6464
JBS,-28.6549,-56.0346
JBT,60.7820,-161.7430
JCB,-27.1715,-51.5533
JCH,68.8228,-51.1734
JCI,38.8309,-94.8903
JCJ,33.9412,126.3249
JCK,-20.6683,141.7230
JCL,48.9482,14.4283
JCM,-11.1632,-40.5531
JCO,36.0101,14.3473
JCR,-6.2332,-57.7769
JCS,-5.2114,-40.7042
JCT,30.5113,-99.7635
JCU,35.8927,-5.3063
JCY,30.2518,-98.6225
JDA,44.4042,-118.9630
JDE,29.3609,119.1808
JDF,-21.7915,-43.3861
JDG,33.3996,126.7120
JDH,26.2511,73.0489
JDN,47.3288,-106.9530
JDO,-7.2193,-39.2691
JDR,-21.0856,-44.2253
JDZ,29.3386,117.1760
JED,21.6802,39.1574
JEE,18.6631,-74.1703
JEF,38.5912,-92.1561
JEG,68.7218,-52.7847
JEJ,7.5654,168.9620
JEK,-15.6334,29.6036
JEQ,-13.8777,-40.0716
JER,49.2079,-2.1955
JFK,40.6394,-73.7793
JFM,-32.0451,115.7330
JFN,41.7780,-80.6955
JFR,62.0147,-49.6709
JGA,22.4655,70.0126
JGB,19.0743,82.0368
JGD,50.3714,124.1175
JGN,39.8591,98.3393
JGO,69.2512,-53.5149
JGR,61.2290,-48.0970
JGS,26.8569,114.7370
JHB,1.6413,103.6700
JHF,-23.4269,-47.1657
JHG,21.9746,100.7622
JHL,57.2239,-111.4190
JHM,20.9629,-156.6730
JHN,0.9440,99.5341
JHS,66.9513,-53.7293
JHW,42.1542,-79.2540
JIA,-11.4194,-58.7017
JIB,11.5473,43.1595
JIC,38.5422,102.3483
JID,34.0205,-117.9274
JIJ,9.3319,42.9118
JIK,37.6827,26.3471
JIL,44.0027,126.3952
JIM,7.6661,36.8166
JIN,0.4531,33.1936
JIO,-8.1407,127.9097
JIP,-1.0000,-80.6667
JIQ,29.5133,108.8311
JIR,27.6263,86.2306
JIU,29.4769,115.8011
JJD,-2.9064,-40.3573
JJG,-28.6753,-49.0596
JJI,-7.1691,-76.7286
JJM,0.1651,38.1951
JJN,24.7959,118.5886
JJU,60.7638,-46.0650
JKG,57.7576,14.0687
JKH,38.3432,26.1406
JKL,36.9633,26.9406
JKR,26.7088,85.9224
JKV,31.8693,-95.2174
JLA,60.4842,-149.7229
JLG,20.9627,75.6275
JLN,37.1518,-94.4983
JLR,23.1778,80.0520
JLS,-20.2923,-50.5455
JMA,-20.2597,-42.1839
JMB,-14.6982,16.0701
JMJ,22.4177,99.7840
JMK,37.4351,25.3481
JMO,28.7804,83.7230
JMR,-22.9195,-42.8309
JMS,46.9297,-98.6782
JMU,46.8428,130.4643
JNA,-15.4738,-44.3855
JNB,-26.1401,28.2468
JNG,35.6474,116.7433
JNH,30.6981,120.6631
JNJ,19.4749,57.3083
JNN,60.1419,-45.2330
JNS,60.9173,-46.0599
JNU,58.3549,-134.5744
JNX,37.0811,25.3681
JNZ,40.9360,121.2771
JOE,62.6588,29.6194
JOG,-7.7882,110.4320
JOH,-31.6061,29.5218
JOI,-26.2245,-48.7974
JOJ,68.1253,-106.5853
JOK,56.7006,47.9047
JOL,6.0537,121.0110
JOM,-9.3500,34.8000
JOP,-4.7471,145.0071
JOS,9.6398,8.8691
JOT,41.5178,-88.1755
JPA,-7.1487,-34.9506
JPE,-3.0198,-47.3165
JPN,38.8749,-77.0567
JPO,-7.0390,-37.2516
JPR,-10.8707,-61.8467
JPY,-23.2240,-44.7234
JQA,70.7342,-52.6962
JQE,7.5178,-78.1572
JRA,40.7551,-74.0069
JRB,40.7007,-74.0086
JRF,21.3074,-158.0700
JRG,21.9135,84.0504
JRH,26.7305,94.1754
JRJ,25.9602,116.0770
JRK,61.1768,-48.4197
JRN,-10.3141,-58.4949
JRO,-3.4270,37.0735
JRT,-2.1867,-56.0903
JSA,26.8887,70.8650
JSB,-4.0428,-40.8938
JSH,35.2161,26.1013
JSI,39.1771,23.5037
JSJ,47.1082,132.6579
JSK,25.6548,57.8017
JSM,-44.0486,-70.4589
JSO,-3.6148,-40.2322
JSR,23.1838,89.1608
JST,40.3161,-78.8339
JSU,65.4125,-52.9394
JSY,37.4228,24.9509
JTA,-5.9334,-40.2975
JTC,-22.1608,-49.0703
JTI,-17.8299,-51.7730
JTN,-24.1597,-46.7906
JTR,36.4000,25.4786
JTY,36.5799,26.3758
JUA,-11.2966,-57.5495
JUB,4.8720,31.6011
JUH,30.7403,117.6856
JUI,53.6814,7.0564
JUJ,-24.3928,-65.0978
JUK,71.0494,-51.8900
JUL,-15.4677,-70.1565
JUM,29.2742,82.1933
JUN,-24.8380,143.0620
JUO,7.0718,-77.7271
JUR,-30.3027,115.0556
JUT,14.6526,-86.2203
JUU,71.5388,-53.2050
JUV,72.7902,-56.1306
JUZ,28.9661,118.8988
JVA,-18.8050,45.2735
JVI,40.5244,-74.5984
JVL,42.6203,-89.0416
JWA,-24.6023,24.6910
JWN,36.7737,48.3594
JWO,37.0302,127.8864
JXA,45.2930,131.1930
JXN,42.2605,-84.4630
JYR,28.7235,57.6750
JYV,62.3995,25.6783
JZH,32.8533,103.6822
KAA,-10.2102,31.1230
KAB,-16.5198,28.8850
KAC,37.0206,41.1914
KAD,10.6960,7.3201
KAE,56.9730,-133.9460
KAF,-6.2655,155.3052
KAG,37.7536,128.9439
KAH,-37.8223,144.9568
KAI,5.1773,-59.4890
KAJ,64.2855,27.6924
KAK,-6.2452,143.5516
KAL,64.3186,-158.7420
KAM,15.3688,42.6125
KAN,12.0456,8.5236
KAO,65.9876,29.2394
KAP,-8.3712,22.6475
KAQ,-8.1507,146.8340
KAR,5.8653,-60.6142
KAS,-28.0297,18.7385
KAT,-35.0698,173.2871
KAU,63.1271,23.0514
KAV,5.5931,-61.7633
KAW,10.0493,98.5380
KAX,-27.6928,114.2592
KAY,-17.6170,179.0170
KAZ,1.1886,127.8960
KBA,9.6383,-11.5156
KBB,-17.7792,129.2100
KBC,66.2740,-145.8240
KBD,-17.3986,124.3556
KBE,55.9291,-131.5720
KBF,-3.6846,138.4790
KBH,-3.8470,32.6865
KBI,2.8739,9.9778
KBJ,-24.2602,131.4889
KBK,26.7765,83.8892
KBL,34.5659,69.2123
KBM,-6.1555,147.1915
KBN,-6.1208,24.5462
KBO,-6.0830,26.9170
KBP,50.3450,30.8947
KBQ,-13.0146,33.4686
KBR,6.1669,102.2930
KBS,7.9444,-11.7610
KBT,8.9006,170.8440
KBU,-3.2948,116.1638
KBV,8.0956,98.9890
KBW,56.2956,-158.4010
KBX,-1.3168,132.2870
KBY,-32.8366,134.2930
KBZ,-42.4250,173.6050
KCA,41.6779,82.8729
KCB,3.1500,-55.7170
KCC,56.0126,-132.8351
KCD,-6.1851,138.6372
KCE,-20.5967,147.8600
KCF,27.2032,69.1488
KCG,56.3115,-158.3730
KCH,1.4874,110.3529
KCI,-16.1250,123.7350
KCJ,-7.2714,143.5952
KCK,57.7730,108.0640
KCL,56.3108,-158.5348
KCM,37.5388,36.9535
KCN,53.4029,-167.5203
KCO,40.7350,30.0833
KCP,48.6956,26.6095
KCQ,56.2550,-158.7750
KCR,63.5712,-156.0067
KCS,-24.4213,131.8195
KCT,5.9937,80.3203
KCU,1.7581,31.7367
KCY,56.1776,92.5459
KCZ,33.5452,133.6702
KDA,12.8986,-14.9683
KDB,-31.1907,121.5978
KDC,11.1448,2.9404
KDD,27.7906,66.6473
KDE,-5.6952,142.7441
KDH,31.5058,65.8480
KDI,-4.0816,122.4180
KDJ,-0.1830,10.7500
KDK,57.8062,-152.3737
KDL,58.9908,22.8307
KDM,0.4881,72.9969
KDN,-2.4000,11.3670
KDO,1.8592,73.5219
KDP,-5.8406,143.5072
KDQ,-3.6006,141.0517
KDR,-6.1922,149.5478
KDS,-24.3388,139.2785
KDT,14.1020,99.9172
KDU,35.3387,75.5386
KDV,-19.0581,178.1570
KDW,7.2415,80.7834
KDX,11.1380,29.7011
KDY,62.7890,136.8550
KDZ,7.3251,80.6422
KEA,37.8221,65.1353
KEB,59.3521,-151.9250
KEC,-10.3552,28.6172
KED,16.1595,-13.5076
KEE,-0.0713,14.5066
KEF,63.9850,-22.6056
KEG,-5.8328,145.0972
KEH,47.7548,-122.2590
KEI,-6.5430,139.3324
KEJ,55.2701,86.1072
KEK,59.3568,-157.4710
KEL,54.3796,10.1453
KEM,65.7787,24.5821
KEN,7.8964,-11.1741
KEO,9.5395,-7.5613
KEP,28.1036,81.6670
KEQ,-0.8104,133.0549
KER,30.2713,56.9497
KES,56.0375,-96.5097
KET,21.3016,99.6360
KEU,-1.5863,35.2575
KEV,61.8560,24.7867
KEW,52.9911,-92.8364
KEX,-7.5389,145.9050
KEY,-0.3899,35.2421
KEZ,6.9500,79.9300
KFA,16.5900,-11.4062
KFE,-22.2908,119.4371
KFG,-17.4319,130.8080
KFM,55.3556,-110.6370
KFP,54.8475,-163.4072
KFS,41.3142,33.7958
KFZ,42.0358,20.4160
KGA,-5.9001,22.4692
KGB,-6.2239,147.2152
KGC,-35.7139,137.5210
KGD,54.8916,20.5986
KGE,-7.3305,157.5850
KGF,49.6708,73.3344
KGG,12.5723,-12.2203
KGH,-8.5289,147.4603
KGI,-30.7915,121.4646
KGJ,-9.9536,33.8933
KGK,59.7266,-157.2590
KGL,-1.9686,30.1395
KGM,-5.6710,141.0300
KGN,-6.4680,16.8050
KGO,48.5428,32.2850
KGP,62.1904,74.5338
KGQ,72.3811,-55.5366
KGR,-25.8428,133.2920
KGS,36.7945,27.0911
KGT,30.1425,101.7387
KGU,5.3555,116.1649
KGW,-9.1359,147.6694
KGX,62.8952,-160.0663
KGY,-26.5811,151.8399
KGZ,61.4551,-142.3810
KHA,36.7291,45.1581
KHC,45.3725,36.4014
KHD,33.4354,48.2829
KHE,46.6758,32.5064
KHG,39.5423,76.0202
KHH,22.5771,120.3500
KHI,24.9065,67.1608
KHJ,62.4632,22.3908
KHK,29.2605,50.3222
KHM,25.9883,95.6744
KHN,28.8648,115.9027
KHO,-24.5930,31.4151
KHQ,74.5781,-57.2268
KHR,47.2467,102.8261
KHS,26.1710,56.2406
KHT,33.2846,69.8073
KHU,49.1368,33.4779
KHV,48.5283,135.1886
KHW,-19.1495,23.7879
KHX,-0.7165,29.6997
KHY,38.4275,44.9736
KHZ,-15.7806,-145.1284
KIB,55.8975,-159.4890
KIC,36.2280,-121.1220
KID,55.9217,14.0855
KIE,-6.3057,155.7282
KIF,53.0125,-89.8553
KIG,-30.1871,17.2827
KIH,26.5254,53.9805
KII,-9.0065,142.6981
KIJ,37.9542,139.1122
KIK,35.4695,44.3489
KIL,-9.2886,28.3269
KIM,-28.8054,24.7649
KIN,17.9357,-76.7875
KIO,5.6439,169.1246
KIP,33.8578,-98.4904
KIQ,-8.0651,147.3320
KIR,52.1809,-9.5238
KIS,-0.0861,34.7289
KIT,36.2740,23.0167
KIU,-1.7413,41.4827
KIW,-12.9005,28.1499
KIX,34.4273,135.2440
KIY,-8.9112,39.5086
KJA,56.1757,92.4858
KJB,15.7163,78.1692
KJH,26.9720,107.9880
KJI,48.2223,86.9959
KJJ,0.1968,32.5530
KJK,50.8189,3.2096
KJP,26.1683,127.2934
KJT,-6.6474,108.1656
KJX,3.7357,96.7901
KKA,64.9395,-161.1540
KKB,58.1909,-152.3700
KKC,16.4666,102.7840
KKD,-8.8847,147.7310
KKE,-35.2591,173.9133
KKG,5.2684,-58.9950
KKH,59.9608,-162.8810
KKI,60.9138,-161.4933
KKJ,33.8459,131.0350
KKK,64.4166,-156.8204
KKL,57.3670,-154.0280
KKM,14.8746,100.6634
KKN,69.7258,29.8913
KKO,-35.4511,173.8170
KKP,-15.3189,143.9550
KKQ,65.7170,82.4550
KKR,-15.6633,-146.8850
KKS,33.8953,51.5770
KKT,40.7587,-87.4295
KKU,58.8112,-158.5590
KKW,-5.0358,18.7856
KKX,28.3213,129.9280
KKY,52.6508,-7.2961
KKZ,11.6134,102.9971
KLB,-14.9988,22.6484
KLC,14.1469,-16.0513
KLD,56.8247,35.7577
KLE,10.0925,14.4456
KLF,54.5500,36.3667
KLG,61.5363,-160.3410
KLH,16.6647,74.2894
KLI,4.1570,21.6667
KLK,3.4916,35.8368
KLL,59.1261,-156.8609
KLM,37.3833,55.4520
KLN,57.5352,-153.9765
KLO,11.6794,122.3760
KLP,-3.3761,112.5365
KLR,56.6855,16.2876
KLS,46.1180,-122.8980
KLU,46.6425,14.3377
KLV,50.2030,12.9150
KLW,55.5792,-133.0760
KLX,37.0683,22.0255
KLY,-2.5780,26.7340
KLZ,-29.6884,17.0940
KMA,-7.9636,145.7710
KMB,-5.4875,144.6069
KMC,27.9009,45.5282
KME,-2.4622,28.9079
KMF,-7.6493,145.9569
KMG,25.1103,102.9367
KMH,-27.4566,23.4119
KMI,31.8772,131.4490
KMJ,32.8373,130.8550
KMK,-3.4830,12.6170
KML,-19.3750,140.0570
KMM,-7.9779,138.8518
KMN,-8.7289,24.9914
KMO,58.9321,-158.9019
KMP,-26.5398,18.1114
KMQ,36.3934,136.4069
KMR,-6.4921,144.8230
KMS,6.7146,-1.5908
KMU,-0.3774,42.4592
KMV,23.1888,94.0511
KMW,57.7969,41.0194
KMX,18.2973,42.8035
KMY,57.0256,-154.1460
KMZ,-14.8000,24.7830
KNA,-32.9496,-71.4786
KNB,37.0111,-112.5310
KND,-2.9192,25.9154
KNE,-5.2903,144.7072
KNF,52.6484,0.5507
KNG,-3.6446,133.6951
KNH,24.4279,118.3590
KNI,-33.6994,117.6570
KNJ,-3.7498,14.4903
KNK,59.4332,-154.8022
KNM,-7.5993,24.1586
KNN,10.4484,-9.2288
KNO,3.6378,98.8706
KNP,-9.7694,15.4553
KNQ,-21.0536,164.8388
KNR,27.8205,52.3522
KNS,-39.8775,143.8780
KNT,36.2259,-90.0366
KNU,26.4043,80.4101
KNW,59.4518,-157.3738
KNX,-15.7781,128.7080
KNY,58.4794,99.0939
KNZ,12.8390,-11.2534
KOA,19.7388,-156.0456
KOC,-20.5463,164.2556
KOD,-0.2667,116.5833
KOE,-10.1716,123.6710
KOF,-25.4403,31.9300
KOH,-15.8885,142.4395
KOI,58.9579,-2.9051
KOJ,31.8034,130.7190
KOK,63.7212,23.1431
KOM,-6.0682,142.8598
KOO,-5.3939,26.9899
KOP,17.3838,104.6430
KOQ,51.7237,11.9488
KOR,-7.8347,146.5335
KOS,10.5706,103.6321
KOT,63.0306,-163.5330
KOU,-1.1846,12.4413
KOV,53.3291,69.5946
KOW,25.8533,114.7789
KOX,-4.7107,136.4351
KOY,57.1615,-154.2300
KOZ,57.9421,-152.4643
KPA,-5.3883,142.4977
KPB,56.3519,-133.6230
KPC,65.2537,-166.8590
KPE,-4.6281,141.0942
KPF,-8.5336,142.5049
KPI,2.0105,112.9315
KPL,-8.6302,142.8238
KPM,-5.3817,143.9247
KPN,59.9318,-164.0282
KPO,35.9880,129.4204
KPP,-14.8900,144.2200
KPR,58.4901,-152.5820
KPS,-31.0723,152.7653
KPT,41.9760,-114.6580
KPV,55.9065,-159.1609
KPW,67.8450,166.1400
KPY,57.9313,-153.0408
KQA,54.1446,-165.6043
KQH,26.5910,74.8130
KQL,-5.7312,144.8460
KQR,-29.2172,116.6872
KQT,37.8663,68.8645
KRA,-35.7514,143.9390
KRB,-17.4567,140.8300
KRC,-2.0940,101.4702
KRD,-20.5100,134.6706
KRE,-2.5448,30.0946
KRF,63.0486,17.7689
KRG,4.0301,-59.5475
KRI,-7.4244,144.2501
KRJ,-4.5967,143.5225
KRK,50.0777,19.7848
KRL,41.6150,86.1408
KRM,3.7699,-59.3444
KRN,67.8220,20.3368
KRO,55.4753,65.4156
KRP,56.2971,9.1043
KRQ,48.7068,37.6309
KRR,45.0345,39.1742
KRS,58.2042,8.0854
KRT,15.5895,32.5532
KRU,-8.2716,147.0719
KRV,0.3179,35.6647
KRW,40.0628,53.0051
KRX,-4.5570,145.9404
KRY,45.4665,84.9527
KRZ,-1.4998,18.9285
KSA,5.3570,162.9580
KSB,-6.3819,146.9859
KSC,48.6631,21.2411
KSD,59.4447,13.3374
KSE,0.1830,30.1000
KSF,51.4184,9.3916
KSG,-6.3620,146.7100
KSH,34.3459,47.1581
KSI,9.1606,-10.1244
KSJ,35.4214,26.9100
KSK,59.3459,14.4959
KSL,15.3875,36.3288
KSM,62.0605,-163.3020
KSN,53.2069,63.5503
KSO,40.4463,21.2822
KSP,-8.4507,147.2092
KSQ,38.8022,65.7731
KSR,-6.1792,120.4375
KSS,11.5984,-5.7989
KSU,63.1118,7.8245
KSV,-23.5500,140.7000
KSW,33.2163,35.5962
KSX,-6.6015,146.1813
KSY,40.5622,43.1150
KSZ,61.2358,46.6975
KTA,-20.7122,116.7730
KTB,55.6828,-132.5329
KTC,8.1329,-5.0649
KTD,25.9447,131.3270
KTE,4.5372,103.4270
KTF,-40.8133,172.7750
KTG,-1.8172,109.9635
KTH,59.9632,-158.4770
KTI,11.3600,104.9213
KTJ,-1.2635,35.0275
KTL,0.9720,34.9586
KTM,27.6966,85.3591
KTN,55.3556,-131.7140
KTO,4.6492,-59.8322
KTP,17.9886,-76.8238
KTQ,62.1661,30.0736
KTR,-14.5211,132.3780
KTS,65.3318,-166.4678
KTT,67.7010,24.8468
KTU,25.1602,75.8456
KTV,5.7171,-62.3373
KTW,50.4760,19.0807
KTY,6.5521,79.9775
KUA,3.7754,103.2090
KUB,4.6352,114.3787
KUC,0.2186,173.4420
KUD,6.9241,116.8371
KUE,-8.0262,156.9478
KUF,53.5049,50.1643
KUG,-10.2265,142.2196
KUH,43.0410,144.1930
KUK,60.8727,-162.5247
KUL,2.7456,101.7100
KUM,30.3856,130.6590
KUN,54.9640,24.0858
KUO,63.0071,27.7978
KUP,-10.0736,148.2180
KUQ,-7.1351,143.2761
KUR,36.0299,70.7142
KUS,65.5736,-37.1236
KUT,42.1774,42.4854
KUU,31.8767,77.1544
KUV,35.9038,126.6160
KUX,-5.3724,141.6239
KUY,-7.4203,143.1218
KUZ,65.8639,-36.9979
KVA,40.9133,24.6192
KVB,58.4564,13.9727
KVC,55.1163,-162.2660
KVE,-8.6285,151.3270
KVG,-2.5794,150.8080
KVK,67.4629,33.5853
KVL,67.7346,-164.5599
KVM,64.6654,170.4176
KVO,43.8175,20.5867
KVR,44.2726,135.0290
KVU,-18.2156,177.7298
KVX,58.5039,49.3478
KWA,8.7201,167.7320
KWB,-5.8009,110.4784
KWD,7.9649,23.5260
KWE,26.5418,106.8040
KWF,55.2963,-133.2430
KWG,48.0433,33.2100
KWH,37.8900,70.2038
KWI,29.2245,47.9698
KWJ,35.1232,126.8054
KWK,59.8765,-163.1690
KWL,25.2198,110.0396
KWM,-15.4854,141.7526
KWN,59.7551,-161.8450
KWO,-7.9770,142.8236
KWP,57.7701,-153.5490
KWS,-8.3605,160.7751
KWT,60.7903,-161.4440
KWY,-1.9606,41.2972
KWZ,-10.7659,25.5057
KXA,55.5374,-132.3980
KXB,-4.3382,121.5240
KXD,59.6551,67.4300
KXE,-26.8711,26.7180
KXF,-17.3458,179.4220
KXK,50.4090,136.9340
KXO,-1.2837,29.7197
KXU,-16.3397,-144.4080
KYA,37.9790,32.5619
KYB,-22.1572,116.1562
KYD,22.0270,121.5350
KYE,34.5893,36.0113
KYF,-27.2771,120.0957
KYI,-31.4706,131.8250
KYK,57.5659,-154.4538
KYO,28.2213,-82.3745
KYP,19.4264,93.5348
KYS,14.4825,-11.3993
KYT,21.4000,94.1333
KYU,64.8761,-157.7270
KYX,-6.0900,147.0117
KYZ,51.6694,94.4006
KZB,57.5530,-153.7461
KZD,12.5385,104.1486
KZF,-7.5003,146.0338
KZG,49.7443,10.2073
KZI,40.2861,21.8408
KZN,55.6062,49.2787
KZO,44.7069,65.5925
KZR,39.1111,30.1304
KZS,36.1417,29.5764
LAA,38.0664,-102.6914
LAB,-5.7204,148.0566
LAC,7.3716,113.8440
LAD,-8.8584,13.2312
LAE,-6.5680,146.7265
LAF,40.4129,-86.9394
LAH,-0.6338,127.5054
LAI,48.7544,-3.4717
LAJ,-27.7821,-50.2815
LAK,68.2233,-135.0060
LAL,27.9893,-82.0207
LAM,35.8798,-106.2690
LAN,42.7776,-84.5857
LAO,18.1751,120.5310
LAP,24.0723,-110.3627
LAQ,32.7890,21.9549
LAR,41.3121,-105.6750
LAS,36.0834,-115.1518
LAU,-2.2524,40.9129
LAW,34.5677,-98.4166
LAX,33.9425,-118.4080
LAY,-28.5817,29.7497
LAZ,-13.2621,-43.4081
LBA,53.8659,-1.6606
LBB,33.6636,-101.8230
LBC,53.8054,10.7192
LBD,40.2154,69.6947
LBE,40.2759,-79.4048
LBF,41.1262,-100.6840
LBG,48.9623,2.4365
LBH,-33.5871,151.3234
LBI,43.9139,2.1131
LBJ,-8.4807,119.8883
LBK,0.3483,40.8817
LBL,37.0442,-100.9600
LBM,-18.4139,36.1068
LBN,0.6032,36.0130
LBO,-4.9617,23.3783
LBP,3.2021,115.4018
LBQ,-0.7044,10.2457
LBR,-7.2790,-64.7695
LBS,-16.4667,179.3400
LBT,34.6108,-79.0594
LBU,5.3017,115.2483
LBV,0.4590,9.4121
LBW,3.9005,115.6901
LBX,13.8554,120.1050
LBY,47.2894,-2.3464
LBZ,-8.4423,20.7327
LCA,34.8751,33.6249
LCB,-15.1934,-59.3848
LCC,40.2392,18.1333
LCD,-23.0619,29.8647
LCE,15.7425,-86.8530
LCF,15.6684,-88.9618
LCG,43.3021,-8.3773
LCH,30.1261,-93.2233
LCI,43.5727,-71.4189
LCJ,51.7219,19.3981
LCK,39.8138,-82.9278
LCM,-31.0058,-64.5319
LCN,-30.5350,139.3370
LCO,-2.4500,14.5330
LCP,-38.0819,-70.6439
LCQ,30.1820,-82.5769
LCR,-1.4564,-72.8011
LCS,24.2665,97.9048
LCT,37.9130,114.5917
LCX,25.6759,116.7459
LCY,51.5053,0.0553
LDA,25.0102,88.1269
LDB,-23.3344,-51.1284
LDC,-20.4536,149.0400
LDE,43.1787,-0.0064
LDG,64.8960,45.7230
LDH,-31.5382,159.0755
LDI,-9.8510,39.7591
LDJ,40.6174,-74.2446
LDK,58.4655,13.1744
LDM,43.9625,-86.4079
LDN,27.2531,86.6700
LDO,4.3761,-55.4071
LDS,47.7521,129.0191
LDU,5.0324,118.3238
LDV,48.5303,-4.1516
LDW,-17.6128,126.7430
LDX,5.4819,-54.0350
LDY,55.0428,-7.1611
LDZ,-24.7478,31.4743
LEA,-22.2352,114.0900
LEB,43.6261,-72.3042
LEC,-12.4823,-41.2770
LED,59.8003,30.2625
LEE,28.8231,-81.8087
LEF,-29.8908,28.6556
LEH,49.5340,0.0884
LEI,36.8439,-2.3701
LEJ,51.4207,12.2327
LEK,11.3375,-12.2909
LEL,-12.4989,135.8060
LEM,45.9187,-102.1060
LEN,42.5907,-5.6534
LEO,-1.5724,14.2878
LEP,-21.4682,-42.7271
LEQ,50.1028,-5.6706
LER,-27.8433,120.7030
LES,-29.7556,28.3571
LET,-4.1911,-69.9420
LEU,42.3386,1.4092
LEV,-17.7111,178.7590
LEW,44.0485,-70.2835
LEX,38.0351,-84.6067
LEY,52.4532,5.5146
LEZ,14.2911,-88.1750
LFB,-15.0331,40.6717
LFH,26.6452,99.5442
LFI,37.0829,-76.3605
LFK,31.2340,-94.7500
LFM,27.3727,53.1888
LFN,36.0233,-78.3303
LFO,5.6570,44.3500
LFP,-14.9207,144.2030
LFQ,36.1326,111.6412
LFR,8.2392,-72.2710
LFT,30.2053,-91.9876
LFW,6.1656,1.2545
LGA,40.7772,-73.8726
LGB,33.8165,-118.1499
LGC,33.0089,-85.0743
LGD,45.2902,-118.0070
LGE,-20.1089,127.6190
LGF,32.8608,-114.3962
LGG,50.6386,5.4439
LGH,-30.5983,138.4260
LGI,23.1790,-75.0936
LGK,6.3297,99.7287
LGL,3.4210,115.1540
LGN,-5.5319,149.7342
LGO,53.7424,7.4963
LGQ,0.0931,-76.8675
LGR,-47.2436,-72.5881
LGS,-35.4936,-69.5743
LGT,4.5505,-70.9254
LGU,41.7912,-111.8520
LGW,51.1487,-0.1857
LGX,3.8124,42.5459
LGZ,28.4224,92.3481
LHA,48.3693,7.8277
LHE,31.5216,74.4036
LHG,-29.4529,147.9771
LHI,-3.0800,139.9528
LHK,32.3887,111.6942
LHL,39.8838,46.3631
LHN,-19.3552,-40.0713
LHR,51.4707,-0.4599
LHS,-46.5385,-68.9653
LHU,-18.1165,23.3935
LHV,41.1356,-77.4223
LHW,36.5152,103.6200
LIA,30.6794,107.7860
LIB,-17.2356,129.8820
LIC,39.2748,-103.6660
LIE,3.6266,18.6385
LIF,-20.7746,167.2393
LIG,45.8628,1.1794
LIH,21.9744,-159.3371
LII,-3.7019,137.9570
LIJ,28.3727,119.8390
LIK,9.8232,169.3080
LIL,50.5666,3.1024
LIM,-12.0219,-77.1143
LIN,45.4451,9.2767
LIO,9.9580,-83.0220
LIP,-21.6635,-49.7300
LIQ,2.1707,21.4969
LIR,10.5933,-85.5444
LIS,38.7813,-9.1359
LIT,34.7292,-92.2236
LIV,65.4670,-148.6534
LIW,19.6915,97.2148
LIX,-12.0798,34.7363
LIY,31.8912,-81.5610
LIZ,46.9504,-67.8859
LJA,-3.4627,23.6152
LJG,26.6775,100.2449
LJN,29.1086,-95.4621
LJU,46.2237,14.4576
LKA,-8.2744,123.0020
LKB,-18.1992,-178.8170
LKC,-2.3130,14.6060
LKD,-15.8412,144.8491
LKE,47.6290,-122.3390
LKG,4.2041,34.3482
LKH,3.3109,114.7856
LKI,2.4113,96.3277
LKK,58.9821,-155.1210
LKL,70.0688,24.9735
LKM,0.8885,124.0336
LKN,68.1525,13.6094
LKO,26.7606,80.8893
LKP,44.2645,-73.9619
LKR,11.1735,48.2143
LKV,42.1611,-120.3990
LKW,22.8049,55.3728
LKY,-3.3763,35.8183
LKZ,52.4095,0.5612
LLA,65.5438,22.1220
LLB,25.4525,107.9617
LLC,18.1824,121.7462
LLE,-25.4736,31.5659
LLF,26.3387,111.6100
LLG,-17.1384,144.5285
LLH,15.4428,-87.8986
LLI,11.9752,38.9802
LLJ,-3.2882,102.9145
LLK,38.7579,48.8070
LLL,-16.6610,128.5940
LLM,-10.2968,166.3273
LLN,-3.7290,138.7101
LLO,-3.0823,120.2448
LLS,-24.7214,-60.5488
LLT,-12.3712,13.5366
LLU,60.4644,-45.5692
LLV,37.6833,111.1428
LLW,-13.7894,33.7810
LLX,44.5691,-72.0180
LLY,39.9429,-74.8457
LMA,63.8860,-152.3020
LMB,-13.7559,34.5842
LMC,2.1757,-73.7867
LMD,-40.8177,-68.0747
LME,47.9486,0.2017
LMH,15.8561,-85.4440
LMI,-3.4768,142.0413
LML,8.9211,166.2650
LMM,25.6855,-109.0812
LMN,4.8083,115.0100
LMO,57.7052,-3.3392
LMP,35.4979,12.6181
LMQ,30.3781,19.5764
LMR,-28.3601,23.4391
LMS,33.1462,-89.0625
LMT,42.1561,-121.7330
LMU,2.9645,105.7548
LMV,5.4575,73.3703
LMX,2.8412,-77.2372
LMY,-7.0099,141.4940
LMZ,-10.7506,40.4702
LNA,26.5930,-80.0851
LNB,-16.5842,168.1590
LNC,-6.3846,147.3686
LND,42.8152,-108.7300
LNE,-15.8656,168.1720
LNF,-4.8559,141.2202
LNG,-8.2799,146.2765
LNH,-20.9807,137.9178
LNI,70.9111,-153.2378
LNJ,23.7381,100.0250
LNK,40.8449,-96.7618
LNL,33.7899,105.7900
LNM,-7.2231,146.2271
LNN,41.6840,-81.3897
LNO,-28.8781,121.3150
LNP,36.9875,-82.5300
LNR,43.2099,-90.1813
LNS,40.1217,-76.2961
LNU,3.5753,116.6198
LNV,-3.0436,152.6290
LNX,54.8240,32.0250
LNY,20.7857,-156.9513
LNZ,48.2354,14.1881
LOA,-18.9933,139.9070
LOB,-32.8139,-70.6466
LOC,-33.5442,135.6930
LOD,-15.3067,167.9670
LOE,17.4391,101.7220
LOH,-3.9956,-79.3719
LOI,-27.1600,-49.5425
LOK,3.1220,35.6087
LOL,40.0664,-118.5650
LOM,21.2590,-101.9438
LOO,33.7644,2.9283
LOP,-8.7600,116.2782
LOR,31.3558,-85.7512
LOS,6.5774,3.3212
LOT,41.6073,-88.0962
LOU,38.2280,-85.6637
LOV,26.9557,-101.4700
LOW,38.0098,-77.9701
LOY,2.7636,36.7183
LOZ,37.0822,-84.0849
LPA,27.9319,-15.3866
LPB,-16.5103,-68.1894
LPC,34.6656,-120.4680
LPD,-1.3249,-69.5813
LPE,5.4776,-70.4212
LPF,26.6094,104.9790
LPG,-34.9722,-57.8947
LPI,58.4049,15.6845
LPJ,6.5775,-66.8166
LPK,52.7028,39.5378
LPL,53.3349,-2.8496
LPM,-16.4611,167.8293
LPN,-6.3917,146.3434
LPO,41.5725,-86.7345
LPP,61.0446,28.1447
LPQ,19.9043,102.1672
LPS,48.4839,-122.9380
LPT,18.2709,99.5042
LPU,1.7069,114.9699
LPX,56.5175,21.0969
LPY,45.0807,3.7629
LQK,34.8100,-82.7029
LQM,-0.1823,-74.7708
LQN,34.9855,63.1174
LRA,39.6503,22.4655
LRB,-28.8556,28.0528
LRD,27.5438,-99.4616
LRE,-23.4320,144.2775
LRF,34.9169,-92.1497
LRG,30.3555,68.6135
LRH,46.1792,-1.1953
LRJ,42.7780,-96.1937
LRL,9.7667,1.0909
LRM,18.4522,-68.9111
LRQ,56.2486,-101.3040
LRR,27.6747,54.3833
LRS,37.1849,26.8003
LRT,47.7606,-3.4400
LRU,32.2894,-106.9220
LRV,11.9469,-66.6683
LSA,-8.5058,151.0810
LSB,32.3335,-108.6920
LSC,-29.9162,-71.1995
LSE,43.8790,-91.2567
LSF,32.3325,-84.9880
LSG,29.4386,103.7492
LSH,22.9779,97.7522
LSI,59.8789,-1.2956
LSJ,-5.3604,147.0177
LSK,42.7538,-104.4050
LSL,11.0353,-84.7061
LSM,4.2170,115.6000
LSN,37.0629,-120.8690
LSO,46.4769,-1.7228
LSP,11.7808,-70.1515
LSQ,-37.4017,-72.4254
LSR,3.3915,97.8637
LSS,15.8644,-61.5806
LST,-41.5449,147.2108
LSU,4.5522,115.4940
LSV,36.2362,-115.0340
LSW,5.2267,96.9503
LSX,5.0695,97.2592
LSY,-28.8307,153.2584
LSZ,44.5670,14.3939
LTA,-23.8244,30.3293
LTC,9.3979,16.3125
LTD,30.1455,9.7021
LTF,-2.8337,141.6257
LTG,28.2000,85.5830
LTH,10.7728,107.0406
LTI,46.3764,96.2211
LTK,35.4011,35.9487
LTL,-0.8267,12.7486
LTM,3.3728,-59.7894
LTN,51.8747,-0.3683
LTO,25.9895,-111.3484
LTP,-19.1958,144.3710
LTQ,50.5183,1.6217
LTS,34.6671,-99.2667
LTT,43.2054,6.4820
LTU,18.4115,76.4647
LTV,-17.0483,141.3760
LTW,38.3154,-76.5501
LTX,-0.9068,-78.6158
LUA,27.6868,86.7295
LUB,2.3939,-59.4410
LUC,-16.7481,-179.6670
LUD,-26.6874,15.2429
LUE,48.3394,19.7358
LUF,33.5350,-112.3830
LUG,46.0043,8.9106
LUH,30.8547,75.9526
LUI,15.0332,-86.6923
LUK,39.1024,-84.4189
LUL,31.6726,-89.1722
LUM,24.4011,98.5317
LUN,-15.3308,28.4527
LUO,-11.7681,19.8977
LUP,21.2110,-156.9740
LUQ,-33.2732,-66.3564
LUR,68.8751,-166.1100
LUT,-15.1828,144.3455
LUU,-15.5605,144.4514
LUV,-5.7603,132.7594
LUW,-1.0359,122.7739
LUX,49.6268,6.2121
LUZ,51.2402,22.7135
LVA,48.0322,-0.7440
LVD,61.3591,-155.4400
LVI,-17.8215,25.8196
LVK,37.6934,-121.8200
LVL,36.7742,-77.7938
LVM,45.6994,-110.4480
LVO,-28.6143,122.4287
LVP,26.8107,53.3543
LVR,-13.0379,-55.9502
LVS,35.6542,-105.1420
LWA,6.6739,124.0581
LWB,37.8579,-80.4004
LWC,39.0112,-95.2166
LWE,-8.3618,123.4386
LWH,-18.5745,138.5861
LWI,-6.3344,146.6458
LWK,60.1922,-1.2436
LWL,41.1171,-114.9220
LWM,42.7172,-71.1234
LWN,40.7504,43.8593
LWO,49.8125,23.9561
LWR,53.2286,5.7606
LWS,46.3745,-117.0150
LWT,47.0484,-109.4661
LWV,38.7643,-87.6055
LWY,4.8492,115.4080
LXA,29.2980,90.9120
LXG,20.9670,101.4000
LXN,40.7910,-99.7773
LXR,25.6710,32.7064
LXS,39.9171,25.2363
LXU,-14.3759,23.2486
LXV,39.2203,-106.3170
LYA,34.7411,112.3880
LYB,19.6602,-80.0888
LYC,64.5483,18.7162
LYG,34.4141,119.1790
LYH,37.3267,-79.2004
LYI,35.0529,118.4118
LYK,-8.9899,117.2160
LYN,45.7279,4.9440
LYO,38.3395,-98.2287
LYP,31.3649,72.9953
LYR,78.2461,15.4656
LYS,45.7260,5.0901
LYT,-24.1129,152.7156
LYU,47.8245,-91.8307
LYX,50.9562,0.9391
LZA,-7.1900,22.3925
LZC,18.0017,-102.2203
LZG,31.5019,106.0344
LZH,24.2075,109.3910
LZI,-4.9439,14.1233
LZM,-9.1160,18.0493
LZN,26.1597,119.9584
LZO,29.0304,105.4684
LZR,-14.6733,145.4546
LZU,33.9781,-83.9624
LZY,29.3033,94.3353
MAA,12.9900,80.1693
MAB,-5.3686,-49.1380
MAC,32.8221,-83.5620
MAD,40.4934,-3.5722
MAE,36.9886,-120.1120
MAF,31.9425,-102.2020
MAG,-5.2071,145.7890
MAH,39.8626,4.2187
MAJ,7.0651,171.2717
MAK,9.5587,31.6519
MAL,-1.7823,125.4822
MAM,25.7699,-97.5253
MAN,53.3494,-2.2795
MAO,-3.0386,-60.0497
MAP,-10.2908,149.5192
MAQ,16.6999,98.5451
MAR,10.5575,-71.7293
MAS,-2.0619,147.4240
MAT,-5.7996,13.4404
MAU,-16.4265,-152.2440
MAV,8.7044,171.2300
MAW,36.6006,-89.9922
MAX,15.5936,-13.3228
MAY,24.2877,-77.6846
MAZ,18.2557,-67.1485
MBA,-4.0348,39.5942
MBB,-21.1633,119.8330
MBC,-1.8931,11.9125
MBD,-25.7984,25.5480
MBE,44.3039,143.4040
MBF,-36.7177,146.8900
MBG,45.5465,-100.4080
MBH,-25.5135,152.7136
MBI,-8.9199,33.2740
MBJ,18.5034,-77.9132
MBK,-10.1704,-54.9540
MBL,44.2727,-86.2465
MBM,-31.2849,29.9884
MBN,-16.7415,125.9056
MBO,13.2080,120.6055
MBP,-6.0189,-76.9883
MBQ,-0.5553,30.5994
MBS,43.5332,-84.0831
MBT,12.3697,123.6301
MBU,-9.7475,159.8390
MBV,-6.3450,147.5910
MBW,-37.9778,145.0998
MBX,46.4799,15.6861
MBY,39.4644,-92.4284
MBZ,-3.3722,-57.7248
MCA,8.4815,-9.5260
MCB,31.1785,-90.4719
MCC,38.6676,-121.4010
MCD,45.8649,-84.6373
MCE,37.2847,-120.5140
MCF,27.8493,-82.5212
MCG,62.9529,-155.6060
MCI,39.3017,-94.7139
MCJ,11.2325,-72.4901
MCK,40.2078,-100.5928
MCL,63.7325,-148.9113
MCM,43.7258,7.4197
MCN,32.6928,-83.6492
MCO,28.4294,-81.3090
MCP,0.0507,-51.0722
MCS,-30.2719,-57.6402
MCT,23.6002,58.2853
MCU,46.2226,2.3640
MCV,-16.4425,136.0840
MCW,43.1598,-93.3297
MCX,42.8168,47.6523
MCY,-26.5933,153.0832
MCZ,-9.5126,-35.7918
MDA,29.4313,-98.3778
MDB,16.9984,-88.3182
MDC,1.5486,124.9262
MDD,32.0365,-102.1010
MDE,6.1645,-75.4231
MDF,45.1010,-90.3033
MDG,44.5252,129.5686
MDH,37.7781,-89.2520
MDI,7.7039,8.6139
MDJ,44.6702,-121.1550
MDK,0.0226,18.2887
MDL,21.7022,95.9779
MDM,-4.6204,143.4516
MDN,38.7589,-85.4655
MDO,59.4499,-146.3070
MDP,-5.8769,140.7095
MDQ,-37.9342,-57.5733
MDR,-1.2986,35.0639
MDS,21.8260,-71.8025
MDT,40.1928,-76.7623
MDU,-6.1477,143.6570
MDV,1.0085,10.7552
MDW,41.7860,-87.7524
MDX,-29.2214,-58.0878
MDY,28.2017,-177.3810
MDZ,-32.8317,-68.7929
MEA,-22.3430,-41.7660
MEB,-37.7281,144.9020
MEC,-0.9461,-80.6788
MED,24.5534,39.7051
MEE,-21.4824,168.0385
MEF,11.0602,17.9445
MEG,-9.5251,16.3124
MEH,71.0297,27.8267
MEI,32.3326,-88.7519
MEJ,41.6265,-80.2147
MEK,33.8791,-5.5151
MEL,-37.6707,144.8379
MEM,35.0438,-89.9763
MEN,44.5021,3.5328
MEO,35.9188,-75.6957
MEP,2.3891,103.8742
MEQ,4.0410,96.2533
MER,37.3805,-120.5680
MES,3.5584,98.6723
MET,-12.4442,142.6380
MEU,-0.8898,-52.6022
MEV,39.0003,-119.7510
MEW,-4.8550,21.5418
MEX,19.4358,-99.0703
MEY,27.5774,84.2288
MEZ,-22.3557,29.9862
MFA,-7.9175,39.6685
MFB,0.6333,-69.7500
MFC,-29.8011,27.2436
MFD,40.8214,-82.5166
MFE,26.1761,-98.2380
MFF,-1.5266,13.2513
MFG,34.3388,73.5089
MFH,36.8331,-114.0559
MFI,44.6369,-90.1893
MFJ,-18.5667,179.9510
MFK,26.2241,120.0027
MFL,-19.6700,144.8852
MFM,22.1496,113.5920
MFN,-44.6733,167.9230
MFO,-5.5778,151.7923
MFP,-22.1000,137.9830
MFQ,13.5025,7.1268
MFR,42.3742,-122.8730
MFS,1.3500,-71.9444
MFU,-13.2589,31.9366
MFV,37.6469,-75.7611
MFX,45.4075,6.5776
MFZ,-6.1364,149.1183
MGA,12.1415,-86.1682
MGB,-37.7444,140.7806
MGC,41.7033,-86.8212
MGD,-13.2607,-64.0608
MGE,33.9154,-84.5163
MGF,-23.4761,-52.0162
MGH,-30.8574,30.3430
MGI,28.3230,-96.4640
MGJ,41.5100,-74.2646
MGK,20.2967,98.8989
MGL,51.2303,6.5044
MGM,32.3006,-86.3940
MGN,9.2847,-74.8461
MGP,-4.1470,153.0186
MGQ,2.0144,45.3047
MGR,31.0849,-83.8033
MGS,-21.8960,-157.9067
MGT,-12.0944,134.8940
MGU,18.8458,93.6889
MGV,-18.6217,126.8830
MGW,39.6433,-79.9176
MGX,-2.4552,10.9358
MGY,39.5890,-84.2249
MGZ,12.4398,98.6215
MHA,5.2728,-59.1493
MHB,-36.8465,174.7879
MHC,-42.3404,-73.7157
MHD,36.2348,59.6429
MHE,43.7748,-98.0386
MHF,1.7500,-69.9167
MHG,49.4731,8.5142
MHH,26.5107,-77.0843
MHI,11.7297,43.2096
MHK,39.1410,-96.6708
MHL,39.0958,-93.2029
MHM,-8.3250,160.8005
MHN,42.0422,-101.0591
MHO,-17.0519,125.7125
MHQ,60.1222,19.8982
MHR,38.5547,-121.2980
MHS,41.2632,-122.2720
MHT,42.9326,-71.4357
MHU,-37.0475,147.3340
MHV,35.0564,-118.1453
MHW,-19.8270,-63.9610
MHX,-10.3809,-160.9994
MHY,-8.7141,141.6444
MHZ,52.3619,0.4864
MIA,25.7960,-80.2898
MIB,48.4156,-101.3580
MIC,45.0620,-93.3539
MID,20.9305,-89.6455
MIE,40.2423,-85.3959
MIF,31.5825,-102.9090
MIG,31.4281,104.7410
MIH,-14.7908,125.8257
MII,-22.1969,-49.9265
MIJ,6.0848,171.7314
MIK,61.6866,27.2018
MIM,-36.9086,149.9010
MIN,-32.8433,135.1450
MIO,36.9092,-94.8875
MIP,30.6506,34.8069
MIQ,41.1959,-96.1121
MIR,35.7581,10.7547
MIS,-10.6892,152.8380
MIT,35.5074,-119.1920
MIU,11.8542,13.0807
MIV,39.3678,-75.0722
MIW,42.1127,-92.9178
MIX,-0.8860,-70.9834
MIY,-18.8093,137.0815
MIZ,-14.0533,134.0942
MJA,-21.4261,44.3165
MJB,10.2833,170.8690
MJC,7.2721,-7.5874
MJD,27.3352,68.1431
MJE,8.1634,168.1739
MJF,65.7840,13.2149
MJG,22.2308,-79.0622
MJI,32.8918,13.2879
MJJ,-5.7181,145.2404
MJK,-25.8973,113.5758
MJL,-1.8451,11.0567
MJM,-6.1212,23.5690
MJN,-15.6668,46.3512
MJO,-21.0233,16.4528
MJP,-34.2653,116.1400
MJQ,43.6500,-94.9865
MJR,-38.2271,-57.8697
MJS,-17.3087,37.5000
MJT,39.0574,26.5986
MJU,-2.5900,119.0251
MJW,-21.2310,32.3336
MJX,39.9275,-74.2924
MJY,58.1809,94.7453
MJZ,62.5347,114.0390
MKB,0.9767,13.9685
MKC,39.1232,-94.5928
MKE,42.9472,-87.8966
MKG,43.1695,-86.2382
MKH,-29.2818,29.0728
MKI,5.3330,25.9319
MKJ,-0.0208,15.5777
MKK,21.1529,-157.0960
MKL,35.5999,-88.9156
MKM,2.8819,112.0433
MKN,-4.0234,153.6573
MKO,35.6565,-95.3667
MKP,-16.5839,-143.6580
MKQ,-8.5239,140.4197
MKR,-26.6117,118.5480
MKS,10.7254,38.7415
MKT,44.2248,-93.9191
MKU,0.5792,12.8909
MKW,-0.8918,134.0490
MKY,-21.1708,149.1826
MKZ,2.2656,102.2528
MLA,35.8459,14.4915
MLB,28.1020,-80.6411
MLC,34.8824,-95.7835
MLD,42.1666,-112.2970
MLE,4.1918,73.5291
MLF,38.4266,-113.0120
MLG,-7.9291,112.7142
MLI,41.4485,-90.5075
MLJ,33.1542,-83.2407
MLK,48.3669,-107.9190
MLL,61.8643,-162.0260
MLM,19.8499,-101.0250
MLN,35.2798,-2.9563
MLO,36.6969,24.4769
MLP,7.6169,124.0580
MLQ,-8.0714,146.1555
MLR,-37.5836,140.3660
MLS,46.4273,-105.8854
MLT,45.6478,-68.6856
MLU,32.5109,-92.0377
MLV,-13.0649,142.4536
MLW,6.2891,-10.7587
MLX,38.4353,38.0910
MLY,64.9919,-150.6441
MLZ,-32.3379,-54.2167
MMB,43.8806,144.1640
MMC,22.7390,-99.0185
MMD,25.8465,131.2630
MME,54.5092,-1.4294
MMF,5.7042,9.3064
MMG,-28.1161,117.8420
MMH,37.6254,-118.8431
MMI,35.3973,-84.5626
MMJ,36.1668,137.9230
MMK,68.7817,32.7508
MML,44.4505,-95.8219
MMM,-22.8014,148.7068
MMN,42.4603,-71.5190
MMO,15.1559,-23.2137
MMP,9.2583,-74.4384
MMQ,-8.8592,31.3364
MMS,34.2315,-90.2896
MMT,33.9208,-80.8013
MMU,40.7991,-74.4149
MMV,-1.3914,144.1713
MMX,55.5356,13.3763
MMY,24.7828,125.2950
MMZ,35.9308,64.7609
MNA,4.0103,126.6732
MNB,-5.9306,12.3513
MNC,-14.4882,40.7122
MND,4.4837,-73.3447
MNE,-28.0092,138.6570
MNF,-17.6728,177.0985
MNG,-12.0561,134.2340
MNH,23.6406,57.4875
MNI,16.7918,-62.1932
MNJ,-21.2018,48.3583
MNK,1.0036,173.0310
MNL,14.5086,121.0200
MNM,45.1267,-87.6384
MNN,40.6162,-83.0635
MNO,-7.2889,27.3944
MNP,-1.5504,145.0175
MNQ,-24.8923,151.1018
MNR,-15.2545,23.1623
MNS,-11.1370,28.8726
MNT,65.1480,-149.3687
MNU,16.4447,97.6607
MNV,-14.0833,133.8170
MNW,-22.4440,135.1990
MNX,-5.8114,-61.2783
MNY,-7.4169,155.5650
MNZ,38.7230,-77.5154
MOA,20.6539,-74.9222
MOB,30.6912,-88.2428
MOC,-16.7069,-43.8189
MOD,37.6258,-120.9540
MOE,23.0925,96.6453
MOF,-8.6395,122.2381
MOG,20.5168,99.2568
MOH,-2.2011,121.6629
MOI,-19.8425,-157.7030
MOJ,5.6076,-54.4003
MOK,43.7536,59.0299
MOL,62.7447,7.2625
MOM,17.7500,-12.5000
MON,-43.7650,170.1330
MOO,-28.0994,140.1970
MOP,43.6217,-84.7375
MOQ,-20.2847,44.3176
MOR,36.1794,-83.3755
MOS,64.6941,-162.0607
MOT,48.2580,-101.2791
MOU,62.0954,-163.6820
MOV,-22.0578,148.0770
MOX,45.5660,-95.9672
MOY,4.9069,-72.8948
MOZ,-17.4898,-149.7618
MPA,-17.6343,24.1767
MPB,25.7831,-80.1775
MPC,-2.5411,101.0877
MPD,25.6828,69.0728
MPF,-7.9790,143.1694
MPG,-6.5322,147.6512
MPH,11.9245,121.9540
MPI,9.1851,-77.9841
MPJ,35.1389,-92.9092
MPL,43.5762,3.9630
MPM,-25.9208,32.5726
MPN,-51.8226,-58.4458
MPO,41.1360,-75.3796
MPP,8.9455,-77.7335
MPR,38.3524,-97.6913
MPS,33.0955,-94.9615
MPT,-8.9722,125.2150
MPU,-2.8114,151.9911
MPV,44.2035,-72.5623
MPW,47.0761,37.4496
MPX,-4.9031,141.6208
MPY,3.6559,-54.0394
MPZ,40.9466,-91.5111
MQA,-19.7380,120.8382
MQB,40.5201,-90.6524
MQC,47.0955,-56.3803
MQD,-41.2431,-68.7078
MQE,-22.8058,137.2510
MQF,53.3920,58.7552
MQG,-22.0106,17.3700
MQH,-13.5491,-48.1953
MQJ,66.4509,143.2616
MQK,-16.3392,-58.4019
MQL,-34.2292,142.0860
MQM,37.2233,40.6317
MQN,66.3639,14.3014
MQO,-8.7092,142.6497
MQP,-25.3833,31.1053
MQQ,8.6285,16.0742
MQR,2.6496,-78.3361
MQS,12.8879,-61.1802
MQT,46.3515,-87.3959
MQU,5.2126,-74.8836
MQV,35.9052,0.1445
MQW,32.0958,-82.8800
MQX,13.4674,39.5335
MQY,36.0090,-86.5201
MQZ,-33.9306,115.1000
MRA,32.3250,15.0610
MRB,39.4019,-77.9846
MRC,35.5541,-87.1789
MRD,8.5821,-71.1610
MRE,-1.4046,35.0083
MRF,30.3696,-104.0159
MRG,-17.0703,145.4242
MRH,-4.3615,141.7850
MRI,61.2128,-149.8440
MRK,25.9950,-81.6725
MRM,-9.1908,147.6219
MRN,35.8202,-81.6114
MRO,-40.9746,175.6345
MRP,-27.3343,133.6277
MRQ,13.3610,121.8260
MRR,-4.3782,-79.9410
MRS,43.4381,5.2125
MRT,-14.8181,133.7006
MRU,-20.4302,57.6836
MRV,44.2251,43.0819
MRW,54.6994,11.4382
MRX,30.5562,49.1519
MRY,36.5868,-121.8442
MRZ,-29.4989,149.8450
MSA,53.4414,-91.7628
MSB,18.0696,-63.0870
MSC,33.4608,-111.7280
MSF,-22.6247,135.0345
MSG,-29.8406,28.7767
MSH,20.6754,58.8905
MSI,-5.5833,114.4330
MSJ,40.7032,141.3680
MSK,3.7505,-71.4561
MSL,34.7451,-87.6130
MSM,-4.7830,17.8500
MSN,43.1399,-89.3375
MSO,46.9158,-114.0911
MSP,44.8801,-93.2217
MSQ,53.8881,28.0400
MSR,38.7478,41.6612
MSS,44.9362,-74.8443
MST,50.9111,5.7694
MSU,-29.4563,27.5545
MSV,41.7016,-74.7950
MSW,15.6700,39.3701
MSX,-2.9500,12.7000
MSY,29.9934,-90.2647
MSZ,-15.2612,12.1468
MTA,-37.7344,175.7420
MTB,7.9717,-75.4325
MTC,42.6135,-82.8369
MTD,-16.9783,130.5550
MTE,-1.9958,-54.0742
MTF,6.9571,35.5547
MTG,-14.9955,-59.9457
MTH,24.7260,-81.0514
MTI,15.0450,-24.3392
MTJ,38.5098,-107.8940
MTK,3.3744,172.9920
MTL,-32.7013,151.4929
MTM,55.1310,-131.5780
MTN,39.3257,-76.4138
MTO,39.4779,-88.2792
MTP,41.0765,-71.9208
MTQ,-26.4833,147.9370
MTR,8.8237,-75.8258
MTS,-26.5289,31.3076
MTT,18.1034,-94.5807
MTU,-13.1219,39.0528
MTV,-13.6660,167.7120
MTW,44.1271,-87.6820
MTX,64.8068,-147.7620
MTY,25.7785,-100.1070
MTZ,31.3282,35.3886
MUA,-8.3280,157.2630
MUB,-19.9705,23.4314
MUC,48.3538,11.7861
MUD,-11.6729,39.5631
MUE,20.0013,-155.6680
MUG,26.9053,-111.9707
MUH,31.3243,27.2223
MUI,40.4352,-76.5687
MUJ,5.8646,35.7485
MUK,-20.1361,-157.3450
MUL,31.1416,-83.7037
MUM,2.9114,73.5836
MUN,9.7490,-63.1533
MUO,43.0436,-115.8720
MUP,-25.8600,131.6500
MUQ,-20.6589,120.0670
MUR,4.1787,114.3303
MUS,24.2897,153.9790
MUT,41.3678,-91.1482
MUU,-13.9061,-38.9408
MUW,35.2077,0.1471
MUX,30.2032,71.4191
MUY,-4.0149,13.9661
MUZ,-1.5030,33.8021
MVA,65.6558,-16.9181
MVB,-1.6562,13.4380
MVC,31.4580,-87.3510
MVD,-34.8356,-56.0265
MVE,44.9691,-95.7103
MVF,-5.2019,-37.3643
MVK,-28.3478,138.6500
MVL,44.5346,-72.6140
MVM,36.7164,-110.2284
MVN,38.3228,-88.8593
MVO,12.1705,18.6756
MVP,1.2537,-70.2339
MVQ,53.9549,30.0951
MVR,10.4514,14.2574
MVS,-18.0489,-39.8643
MVT,-14.8681,-148.7170
MVU,-14.7757,143.5047
MVV,45.8230,6.6494
MVW,48.4709,-122.4210
MVX,2.1524,12.1080
MVY,41.3931,-70.6143
MVZ,-20.0553,30.8591
MWA,37.7512,-89.0166
MWB,-29.2017,116.0220
MWC,43.1104,-88.0344
MWD,32.5631,71.5707
MWE,18.4433,31.8433
MWF,-14.9972,168.0811
MWG,-6.9736,145.8849
MWH,47.2077,-119.3200
MWI,-5.1300,143.4829
MWJ,7.4877,-60.1852
MWK,3.3481,106.2580
MWL,32.7816,-98.0602
MWM,43.9134,-95.1094
MWN,-3.5213,33.6155
MWO,39.5310,-84.3953
MWQ,20.1656,94.9414
MWR,-24.1903,31.3864
MWS,-2.7993,122.1414
MWT,-29.9069,139.7650
MWU,-1.4500,149.7000
MWV,12.4646,107.1880
MWX,34.9914,126.3828
MWY,-17.3289,141.8860
MWZ,-2.4466,32.9360
MXA,35.8944,-90.1546
MXB,-2.5580,120.3243
MXC,37.9324,-109.3412
MXD,-23.3637,139.6497
MXE,34.7919,-79.3658
MXF,32.3829,-86.3658
MXH,-6.3633,143.2380
MXI,6.9491,126.2737
MXJ,9.6522,6.4623
MXK,-6.4717,147.4411
MXL,32.6306,-115.2428
MXM,-21.7538,43.3748
MXN,48.6032,-3.8158
MXO,42.2204,-91.1633
MXP,45.6306,8.7281
MXQ,-13.3894,-38.9100
MXR,49.9320,33.6410
MXS,-13.7423,-172.2580
MXT,-18.0500,44.0330
MXU,-28.4750,115.5170
MXV,49.6637,100.1000
MXW,45.7381,106.2690
MXX,60.9579,14.5114
MXY,61.4371,-142.9040
MXZ,24.2634,116.0979
MYA,-35.8978,150.1440
MYB,-3.4584,10.6765
MYC,10.2500,-67.6494
MYD,-3.2293,40.1017
MYE,34.0736,139.5600
MYF,32.8157,-117.1400
MYG,22.3795,-73.0135
MYH,36.8125,-111.6470
MYI,-9.9151,144.0546
MYJ,33.8269,132.7001
MYK,61.3357,-142.6870
MYL,44.8888,-116.1011
MYM,4.4523,-59.6031
MYN,15.4692,45.3273
MYO,-18.1240,124.2703
MYP,37.6235,61.8957
MYQ,12.2298,76.6537
MYR,33.6797,-78.9283
MYS,3.5623,39.0433
MYT,25.3836,97.3519
MYU,60.3723,-166.2698
MYV,39.0978,-121.5700
MYW,-10.3362,40.1820
MYX,-7.2117,146.0194
MYY,4.3220,113.9870
MYZ,-14.0836,34.9197
MZA,-11.3254,-74.5356
MZB,-11.3618,40.3549
MZC,0.7830,11.5500
MZD,-2.7333,-78.3167
MZE,17.2785,-89.0238
MZG,23.5687,119.6280
MZH,40.8294,35.5220
MZI,14.5128,-4.0796
MZJ,32.5106,-111.3280
MZK,2.0586,173.2710
MZL,5.0296,-75.4647
MZN,-5.9030,144.6866
MZO,20.2886,-77.0875
MZP,-41.1233,172.9890
MZQ,-27.6261,32.0443
MZR,36.7041,67.2105
MZS,28.8175,78.9219
MZT,23.1628,-106.2645
MZU,26.1191,85.3137
MZV,4.0483,114.8050
MZW,33.5359,-0.2424
MZY,-34.1587,22.0557
MZZ,40.4899,-85.6797
NAA,-30.3192,149.8270
NAC,-36.9853,140.7250
NAD,2.8090,-67.6217
NAE,10.3770,1.3605
NAF,2.7231,117.1260
NAG,21.0922,79.0472
NAH,3.6848,125.5272
NAI,3.9594,-59.1242
NAJ,39.1888,45.4584
NAK,14.9495,102.3130
NAL,43.5129,43.6366
NAM,-3.1432,126.9765
NAN,-17.7618,177.4378
NAO,30.7981,106.1642
NAP,40.8860,14.2908
NAQ,77.4886,-69.3887
NAR,6.2100,-74.5906
NAS,25.0390,-77.4662
NAT,-5.7698,-35.3666
NAU,-14.1774,-141.2661
NAV,38.7719,34.5345
NAW,6.5199,101.7430
NAY,39.7822,116.3863
NAZ,-10.6758,162.2049
NBA,-6.2412,145.2424
NBB,3.4907,-69.8082
NBC,55.5647,52.0925
NBE,36.0758,10.4386
NBG,29.8253,-90.0350
NBH,-30.6731,152.9842
NBJ,-9.0507,13.4991
NBL,9.2735,-78.1398
NBN,-1.4086,5.6242
NBO,-1.3189,36.9282
NBS,42.0669,127.6022
NBW,19.9065,-75.2071
NBX,-3.3980,135.3931
NCA,21.9161,-71.9430
NCE,43.6584,7.2159
NCG,30.3974,-107.8750
NCH,-10.3575,38.7792
NCI,8.4544,-76.7793
NCJ,-30.9575,-61.5283
NCL,55.0380,-1.6896
NCN,60.0776,-147.9947
NCO,41.5971,-71.4121
NCR,11.1356,-84.7687
NCS,-27.7706,29.9769
NCT,10.1394,-85.4458
NCU,42.4884,59.6233
NCY,45.9289,6.0987
NDA,-4.5214,129.9054
NDB,20.9324,-17.0302
NDC,19.1833,77.3167
NDD,-11.1679,13.8475
NDE,3.9338,41.8441
NDF,-9.2804,14.9824
NDG,47.2300,123.9142
NDI,-9.4738,148.3294
NDJ,12.1337,15.0340
NDK,5.6330,168.1256
NDL,8.4272,20.6352
NDM,9.7670,35.1000
NDN,-9.1436,147.6842
NDR,34.9888,-3.0282
NDS,-27.9800,119.2970
NDU,-17.9565,19.7194
NDY,59.2503,-2.5767
NEC,-38.4907,-58.8163
NEG,18.3417,-78.3342
NEI,45.0825,136.5912
NEJ,9.5500,35.4670
NEK,9.0343,36.6132
NEL,40.0333,-74.3533
NEN,30.3539,-81.8719
NER,56.9139,124.9140
NEU,20.4184,104.0670
NEV,17.2057,-62.5899
NEW,30.0424,-90.0283
NFG,61.1083,72.6500
NFL,39.4166,-118.7010
NFO,-15.5706,-175.6313
NFR,29.2132,21.5924
NGA,-34.2556,148.2471
NGB,29.8267,121.4620
NGD,18.7277,-64.3285
NGE,7.3570,13.5592
NGF,21.4505,-157.7680
NGI,-18.1156,179.3400
NGK,51.7840,143.1418
NGL,-24.3890,31.3260
NGO,34.8584,136.8050
NGP,27.6926,-97.2911
NGQ,32.0979,80.0540
NGS,32.9169,129.9140
NGU,36.9376,-76.2893
NGW,27.7044,-97.4406
NGX,28.6414,84.0892
NHD,25.0268,55.3662
NHF,15.3556,35.7278
NHK,38.2860,-76.4118
NHT,51.5530,-0.4182
NHV,-8.7956,-140.2290
NHX,30.3891,-87.6353
NHZ,43.8922,-69.9386
NIA,7.4945,-8.5845
NIB,63.0179,-154.3604
NIF,-21.6717,121.5870
NIG,-1.3144,176.4100
NIK,13.0520,-12.7272
NIM,13.4815,2.1836
NIN,60.0202,-151.5890
NIO,-2.7175,17.6857
NIP,30.2358,-81.6806
NIQ,70.7894,-53.6629
NIR,28.3624,-97.6619
NIS,-2.6622,151.9978
NIT,46.3135,-0.3945
NIU,-16.1193,-146.3688
NIX,15.2381,-9.5761
NJA,35.4546,139.4500
NJC,60.9493,76.4836
NJF,31.9911,44.4050
NJJ,49.2364,125.3371
NJK,32.8292,-115.6720
NKA,0.3843,9.7536
NKB,-18.4947,124.8520
NKC,18.3100,-15.9697
NKD,-3.8222,137.8392
NKG,31.7350,118.8659
NKI,55.8496,-133.2280
NKL,-5.4210,14.8169
NKM,35.2558,136.9241
NKN,-5.8370,146.4533
NKO,-16.5949,44.4537
NKP,-20.7001,-143.0459
NKT,37.3647,42.0582
NKU,-30.0217,28.1969
NKW,-7.3133,72.4111
NKX,32.8684,-117.1430
NKY,-4.2231,13.2863
NLA,-12.9651,28.5156
NLC,36.3330,-119.9520
NLD,27.4439,-99.5705
NLE,41.8359,-86.2252
NLF,-9.5792,143.7803
NLG,56.0075,-161.1600
NLH,27.5403,100.7593
NLI,53.1550,140.6500
NLK,-29.0418,167.9395
NLL,-21.9133,120.1980
NLN,40.7186,-123.9273
NLO,-4.3267,15.3275
NLP,-25.5000,30.9138
NLS,-18.0500,128.9000
NLT,43.4318,83.3786
NLU,19.7438,-99.0151
NLV,47.0579,31.9198
NMA,40.9846,71.5578
NMB,20.4344,72.8432
NMC,24.5943,-76.8202
NME,60.4691,-164.7041
NMF,5.8174,73.4684
NMG,8.4565,-78.9342
NMI,18.9846,73.0653
NML,57.0556,-111.5740
NMN,-6.3218,145.0707
NMP,-19.2000,145.7730
NMR,-27.5492,141.1584
NMS,20.8905,97.7359
NMT,23.0830,97.3830
NNA,34.2989,-6.5959
NNB,-10.8480,162.4541
NND,-11.0730,39.6800
NNG,22.5981,108.1819
NNI,-18.8064,16.9272
NNK,58.7356,-157.0222
NNL,59.9802,-154.8390
NNM,67.6400,53.1219
NNR,53.2303,-9.4678
NNT,18.8079,100.7830
NNU,-17.8232,-40.3297
NNX,4.1340,117.6695
NNY,32.9827,112.6175
NOA,-34.9466,150.5425
NOB,9.9765,-85.6530
NOC,53.9104,-8.8170
NOD,53.6331,7.1903
NOG,31.2258,-110.9769
NOI,44.9629,37.9991
NOJ,63.1833,75.2700
NOK,-14.6978,-52.3472
NOM,-6.2940,142.2342
NON,-0.6397,174.4280
NOO,-9.2545,147.6214
NOP,42.0183,35.0718
NOR,65.1319,-13.7464
NOS,-13.3121,48.3148
NOT,38.1436,-122.5560
NOU,-22.0146,166.2130
NOV,-12.8089,15.7605
NOZ,53.8114,86.8772
NPA,30.3527,-87.3186
NPE,-39.4658,176.8700
NPG,-6.1454,143.4531
NPH,39.7368,-111.8701
NPL,-39.0086,174.1790
NPO,-0.3486,111.7462
NPP,-22.5312,132.7632
NPR,-7.1258,-55.4008
NPT,41.5322,-71.2810
NPU,8.2893,-76.3750
NPY,-6.3554,31.0841
NQA,35.3567,-89.8703
NQI,27.5072,-97.8097
NQL,-14.4349,-48.4916
NQN,-38.9490,-68.1557
NQT,52.9200,-1.0792
NQU,5.7103,-77.2619
NQX,24.5758,-81.6889
NQY,50.4406,-4.9954
NQZ,51.0270,71.4671
NRA,-34.7022,146.5120
NRB,30.3911,-81.4247
NRD,53.7069,7.2300
NRE,-3.8552,126.7009
NRG,-32.9300,117.0800
NRI,36.5776,-94.8619
NRK,58.5863,16.2506
NRL,59.3675,-2.4344
NRM,15.2291,-7.2620
NRN,51.6014,6.1412
NRR,18.2473,-65.6398
NRS,32.5667,-117.1170
NRT,35.7686,140.3887
NRY,-16.0442,129.2638
NSB,25.7670,-79.2500
NSE,30.7242,-87.0219
NSH,36.6643,51.4627
NSI,3.7226,11.5533
NSK,69.3080,87.3259
NSL,43.9868,-95.7826
NSM,-32.2030,121.7581
NSN,-41.2967,173.2243
NSO,-32.0380,150.8320
NSQ,74.1099,-57.0650
NSR,-9.0834,-42.6447
NST,8.5396,99.9447
NSV,-26.4232,153.0649
NTB,59.5651,9.2132
NTC,-21.6150,35.3380
NTD,34.1203,-119.1210
NTE,47.1532,-1.6107
NTG,32.0736,120.9801
NTI,-2.1026,133.5160
NTJ,39.3291,-111.6150
NTL,-32.7961,151.8350
NTN,-17.6841,141.0697
NTQ,37.2931,136.9620
NTR,25.8656,-100.2370
NTT,-15.9773,-173.7911
NTU,36.8207,-76.0335
NTX,3.9087,108.3880
NTY,-25.3338,27.1734
NUA,6.9561,80.7793
NUB,-14.2717,135.7170
NUD,12.7355,28.4108
NUE,49.4987,11.0781
NUF,6.8600,80.5840
NUG,-3.4075,154.7383
NUH,5.6500,-72.2000
NUI,70.2100,-151.0060
NUJ,35.2116,48.6534
NUK,-19.2846,-138.7684
NUL,64.7293,-158.0740
NUM,27.9243,35.2936
NUP,60.9056,-162.4405
NUQ,37.4161,-122.0490
NUR,-31.4417,130.9020
NUS,-16.0797,167.4010
NUU,-0.2984,36.1592
NUW,48.3518,-122.6560
NUX,66.0694,76.5203
NVA,2.9501,-75.2940
NVD,37.8521,-94.3049
NVI,40.1176,65.1727
NVM,-13.8210,-56.0386
NVN,39.8185,-120.3530
NVP,-5.1180,-60.3649
NVS,47.0029,3.1131
NVT,-26.8794,-48.6510
NVY,11.6130,79.5274
NWA,-12.2981,43.7665
NWH,43.3881,-72.1893
NWI,52.6758,1.2828
NWT,-9.9842,149.7292
NYA,62.1100,65.6150
NYE,-0.3644,36.9785
NYG,38.5017,-77.3053
NYI,7.3618,-2.3288
NYK,-0.0624,37.0413
NYM,65.4809,72.6989
NYN,-31.5506,147.2030
NYO,58.7897,16.9115
NYR,63.2967,118.3420
NYS,40.7351,-73.9728
NYT,19.6235,96.2010
NYU,21.1788,94.9302
NYW,22.2216,95.0935
NZA,-7.7169,21.3582
NZC,-14.8540,-74.9615
NZE,7.8104,-8.7021
NZG,55.8008,109.5950
NZH,49.5667,117.3300
NZL,47.8659,122.7687
NZY,32.6992,-117.2150
OAA,33.9222,69.0779
OAG,-33.3820,149.1313
OAH,33.3913,62.2610
OAI,34.9461,69.2650
OAJ,34.8292,-77.6121
OAK,37.7201,-122.2212
OAL,-11.4960,-61.4508
OAM,-44.9700,171.0820
OAN,15.5056,-86.5747
OAR,36.6819,-121.7620
OAS,33.1257,68.8385
OAX,16.9988,-96.7261
OAZ,31.8487,64.2232
OBA,-21.2348,139.0332
OBC,11.9670,43.2670
OBD,-3.9106,136.2306
OBE,27.2628,-80.8498
OBF,48.0814,11.2831
OBI,-1.8680,-55.5146
OBL,51.2691,4.7624
OBM,-7.7400,147.5900
OBN,56.4635,-5.3997
OBO,42.7333,143.2170
OBS,44.5444,4.3722
OBU,66.9123,-156.8970
OBX,-7.5906,141.3243
OBY,70.4882,-21.9717
OCA,25.3254,-80.2748
OCC,-0.4629,-76.9868
OCE,38.3104,-75.1240
OCF,29.1726,-82.2242
OCH,31.5780,-94.7095
OCJ,18.4041,-76.9698
OCM,-22.5411,117.2694
OCN,33.2179,-117.3517
OCS,0.9109,9.3303
OCV,8.3151,-73.3583
OCW,35.5705,-77.0498
ODA,8.0106,22.3986
ODB,37.8420,-4.8489
ODC,37.7563,-120.8000
ODD,-27.5625,135.4429
ODE,55.4753,10.3272
ODH,51.2341,-0.9428
ODJ,8.9000,22.7830
ODL,-26.7453,140.6380
ODM,39.5808,-79.3357
ODN,3.9761,115.0673
ODO,57.8661,114.2430
ODR,-17.3408,128.9120
ODS,46.4272,30.6726
ODT,31.9206,-102.3870
ODW,48.2515,-122.6740
ODY,20.6827,101.9940
OEA,38.6852,-87.5431
OEC,-9.1984,124.3379
OEM,3.3461,-55.4437
OEO,45.3100,-92.6919
OER,63.4083,18.9900
OES,-40.7512,-65.0343
OFF,41.1193,-95.9085
OFI,9.6000,-4.0500
OFK,41.9855,-97.4351
OFU,-14.1844,-169.6700
OGA,41.1195,-101.7700
OGB,33.4568,-80.8595
OGD,41.1959,-112.0120
OGE,-6.4668,147.3642
OGG,20.8963,-156.4318
OGL,6.8059,-58.1077
OGM,9.1383,-77.9339
OGN,24.4673,122.9798
OGO,6.7156,-3.4703
OGR,10.2883,15.3796
OGS,44.6819,-75.4655
OGU,40.9669,38.0860
OGX,31.9172,5.4128
OGZ,43.2051,44.6066
OHA,-40.2060,175.3880
OHB,-18.9175,48.2182
OHD,41.1800,20.7423
OHE,52.9169,122.4228
OHH,53.5164,142.8814
OHI,-17.7970,15.6993
OHO,59.4101,143.0565
OHR,54.6844,8.5283
OHS,24.3860,56.6254
OHT,33.5700,71.4400
OIA,-6.7630,-51.0499
OIC,42.5666,-75.5241
OIM,34.7820,139.3600
OIR,42.0717,139.4330
OIT,33.4794,131.7370
OJC,38.8476,-94.7376
OJU,-0.8654,121.6286
OKA,26.1924,127.6398
OKB,-24.9594,153.3150
OKC,35.3934,-97.5982
OKD,43.1174,141.3813
OKE,27.4316,128.7056
OKF,-19.1492,15.9119
OKG,-1.4483,15.0733
OKI,36.1784,133.3236
OKJ,34.7569,133.8550
OKK,40.5282,-86.0590
OKL,-4.9071,140.6277
OKM,35.6681,-95.9487
OKN,-0.6652,13.6731
OKO,35.7485,139.3480
OKP,-5.2261,142.2259
OKQ,-8.0946,139.7233
OKR,-9.7528,143.4057
OKS,41.4010,-102.3550
OKT,54.4400,53.3883
OKU,-18.8128,17.0594
OKV,-5.5567,141.0328
OKY,-27.4093,151.7367
OLA,63.6989,9.6040
OLB,40.8990,9.5185
OLC,-3.4691,-68.9211
OLD,44.9528,-68.6743
OLE,42.2412,-78.3714
OLF,48.0945,-105.5750
OLG,-1.3242,35.2461
OLH,57.2181,-153.2700
OLI,64.9114,-23.8182
OLJ,-14.8817,166.5580
OLK,-21.0457,-57.8829
OLL,-1.2267,15.9100
OLM,46.9694,-122.9030
OLN,-45.5752,-69.0770
OLO,49.5877,17.2093
OLP,-30.4839,136.8767
OLQ,-5.3897,141.5153
OLR,33.3638,69.9561
OLS,31.4177,-110.8480
OLU,41.4481,-97.3402
OLV,34.9787,-89.7869
OLX,-1.4086,35.1107
OLY,38.7218,-88.1764
OLZ,60.4018,120.4761
OMA,41.3032,-95.8941
OMB,-1.5747,9.2627
OMC,11.0577,124.5656
OMD,-28.5853,16.4464
OME,64.5122,-165.4450
OMF,32.3564,36.2592
OMG,-18.0303,22.1897
OMH,37.6681,45.0687
OMI,30.8352,49.5349
OMJ,32.9280,129.9342
OMK,48.4644,-119.5180
OMM,18.1390,55.1790
OMN,40.0140,68.4110
OMO,43.2825,17.8461
OMR,47.0253,21.9025
OMS,54.9631,73.3124
OMY,13.7597,104.9717
ONA,44.0772,-91.7083
ONB,-8.6744,147.2624
OND,-17.8782,15.9526
ONG,-16.6625,139.1780
ONH,42.5247,-75.0644
ONI,-4.0066,136.0377
ONJ,40.1919,140.3710
ONK,68.5150,112.4800
ONL,42.4689,-98.6870
ONM,34.0225,-106.9030
ONO,44.0198,-117.0133
ONP,44.5804,-124.0580
ONQ,41.5064,32.0886
ONR,-24.8167,140.5330
ONS,-21.6702,115.1149
ONT,34.0560,-117.6010
ONU,-20.6589,-178.7411
ONX,9.3566,-79.8674
ONY,33.3509,-98.8192
OOA,41.2262,-92.4939
OOD,-22.5043,119.0768
OOK,60.5414,-165.0870
OOL,-28.1660,153.5066
OOM,-36.3004,148.9724
OOR,-25.2500,140.9830
OOT,-1.7961,175.5260
OPA,66.3108,-16.4667
OPB,-4.7947,151.6962
OPF,25.9070,-80.2784
OPI,-12.3250,133.0060
OPL,30.5584,-92.0994
OPO,41.2481,-8.6814
OPP,-0.6961,-47.3361
OPS,-11.8850,-55.5861
OPU,-8.0500,142.9330
OPW,-18.0560,13.8521
OQN,40.4478,70.9911
ORA,-23.1528,-64.3292
ORB,59.2237,15.0380
ORC,4.7904,-71.3482
ORD,41.9786,-87.9048
ORE,47.8978,2.1645
ORF,36.8953,-76.2010
ORG,5.8112,-55.1923
ORH,42.2673,-71.8757
ORI,57.8849,-152.8477
ORJ,4.7253,-60.0350
ORK,51.8413,-8.4911
ORL,28.5455,-81.3329
ORM,52.3053,-0.7931
ORN,35.6206,-0.6225
ORO,15.1275,-87.1350
ORP,-21.2659,25.3197
ORR,-35.0036,137.6193
ORT,62.9613,-141.9290
ORU,-17.9562,-67.0758
ORV,66.8179,-161.0190
ORW,25.2766,64.5883
ORX,-1.7141,-55.8362
ORY,48.7295,2.3590
ORZ,18.0468,-88.5839
OSB,38.1105,-92.6805
OSC,44.4516,-83.3941
OSD,63.1935,14.5042
OSE,-7.8278,147.0806
OSG,-2.9156,141.2973
OSH,43.9844,-88.5570
OSI,45.4624,18.8113
OSJ,-1.3785,35.3803
OSK,57.3505,16.4980
OSL,60.1939,11.1004
OSM,36.3058,43.1474
OSN,37.0915,127.0294
OSO,-22.0817,140.5550
OSR,49.6963,18.1111
OSS,40.6090,72.7933
OST,51.1998,2.8747
OSU,40.0798,-83.0730
OSW,51.0725,58.5956
OSX,33.0903,-89.5420
OSY,64.4722,11.5786
OTC,13.4436,14.7393
OTD,8.6288,-79.0347
OTG,43.6548,-95.5774
OTH,43.4171,-124.2460
OTI,2.0460,128.3250
OTJ,-20.4330,16.6608
OTK,45.4182,-123.8140
OTL,17.5283,-14.7141
OTM,41.1064,-92.4498
OTN,38.8518,-87.4999
OTO,39.0314,107.9889
OTP,44.5718,26.1033
OTQ,38.1712,107.3905
OTR,8.6016,-82.9688
OTS,48.4985,-122.6625
OTT,-9.8986,-58.5819
OTU,7.0105,-74.7154
OTZ,66.8847,-162.5990
OUA,12.3532,-1.5124
OUD,34.7896,-1.9260
OUE,1.6160,16.0379
OUG,13.6553,-2.3221
OUH,-33.6070,22.1890
OUI,48.4632,-5.0636
OUL,64.9301,25.3546
OUM,13.2782,19.7103
OUN,35.2456,-97.4721
OUR,4.4750,14.3625
OUS,-22.9666,-49.9120
OUT,10.4830,16.7170
OUZ,22.7573,-12.4822
OVA,-24.2357,45.3045
OVB,55.0198,82.6187
OVD,43.5636,-6.0346
OVE,39.4878,-121.6220
OVG,-34.5635,20.2524
OVL,-30.5592,-71.1756
OVR,-36.8900,-60.2166
OVS,61.3266,63.6019
OWA,44.1234,-93.2606
OWB,37.7401,-87.1668
OWD,42.1905,-71.1729
OWK,44.7155,-69.8665
OXB,11.8943,-15.6536
OXC,41.4786,-73.1352
OXD,39.5023,-84.7844
OXF,51.8369,-1.3200
OXO,-28.0598,141.5361
OXR,34.2008,-119.2070
OXY,-25.3583,141.4330
OYA,-29.1058,-59.2189
OYC,3.1728,-52.3361
OYE,1.5431,11.5814
OYG,3.6444,31.7628
OYK,3.8541,-51.7971
OYL,3.4697,39.1014
OYN,-35.0888,142.3548
OYO,-38.3869,-60.3297
OYP,3.8976,-51.8041
OZA,30.7353,-101.2030
OZC,8.1785,123.8420
OZG,30.2658,-5.8608
OZH,47.8670,35.3147
OZP,37.1749,-5.6159
OZR,31.2757,-85.7134
OZZ,30.9391,-6.9094
PAA,16.8937,97.6746
PAB,21.9884,82.1110
PAC,8.9733,-79.5556
PAD,51.6125,8.6175
PAE,47.9063,-122.2820
PAF,2.3266,31.4977
PAG,7.8256,123.4596
PAH,37.0608,-88.7738
PAJ,33.9021,70.0716
PAK,21.8969,-159.6030
PAL,5.4836,-74.6574
PAM,30.0696,-85.5754
PAN,6.7855,101.1540
PAO,37.4611,-122.1150
PAP,18.5800,-72.2926
PAQ,61.5949,-149.0890
PAS,37.0205,25.1132
PAT,25.5913,85.0880
PAU,21.4492,94.4869
PAV,-9.4009,-38.2506
PAW,-11.4030,154.0117
PAX,19.9340,-72.8480
PAY,5.9966,117.4048
PAZ,20.6027,-97.4608
PBA,-13.5648,-38.9400
PBB,-19.6512,-51.1994
PBC,19.1585,-98.3716
PBD,21.6495,69.6564
PBE,6.4603,-74.4105
PBF,34.1741,-91.9356
PBG,44.6509,-73.4681
PBH,27.4032,89.4246
PBJ,-16.4320,168.2355
PBL,10.4805,-68.0730
PBM,5.4528,-55.1878
PBN,-10.7220,13.7655
PBO,-23.1711,117.7450
PBP,9.8561,-85.3708
PBQ,-11.6416,-61.1791
PBR,15.7309,-88.5838
PBT,-20.9090,-57.9269
PBU,27.3299,97.4263
PBX,-10.8593,-51.6882
PBZ,-34.0882,23.3287
PCA,58.9065,-157.7140
PCB,-6.3370,106.7650
PCC,1.9167,-75.1667
PCD,43.0193,-91.1237
PCF,-26.6710,27.0819
PCG,17.2639,-90.2563
PCH,15.9550,-84.9414
PCJ,-22.2960,-57.8701
PCL,-8.3781,-74.5745
PCM,20.6228,-87.0822
PCN,-41.3461,173.9560
PCO,23.5750,-109.5358
PCP,1.6612,7.4111
PCQ,21.6475,101.9000
PCR,6.1847,-67.4932
PCS,-7.0614,-41.5259
PCT,40.3992,-74.6589
PCU,30.7860,-89.5045
PCV,27.0692,-111.9620
PDA,3.8535,-67.9062
PDB,59.7969,-154.1300
PDC,-21.3165,164.9994
PDD,-26.8269,32.8384
PDE,-26.1222,139.4035
PDF,-17.2970,-39.2711
PDG,-0.7860,100.2804
PDI,-6.4451,147.5158
PDK,33.8763,-84.3021
PDL,37.7412,-25.6979
PDM,7.5348,-80.0433
PDN,-35.8070,137.2640
PDO,-3.2861,103.8800
PDP,-34.8551,-55.0943
PDR,-5.3098,-44.4810
PDS,28.6279,-100.5352
PDT,45.6951,-118.8410
PDU,-32.3633,-58.0619
PDV,42.0678,24.8508
PDX,45.5887,-122.5980
PDZ,9.9787,-62.2313
PEA,-35.7558,137.9629
PEB,-17.2728,38.1807
PEC,57.9552,-136.2360
PED,50.0150,15.7398
PEE,57.9145,56.0212
PEF,54.1578,13.7744
PEG,43.0959,12.5132
PEH,-35.8446,-61.8576
PEI,4.8127,-75.7395
PEK,40.0773,116.5967
PEL,-29.0881,28.4972
PEM,-12.6136,-69.2286
PEN,5.2963,100.2762
PEP,-14.1442,130.0910
PEQ,31.3824,-103.5110
PER,-31.9403,115.9670
PES,61.8852,34.1547
PET,-31.7172,-52.3278
PEU,15.2622,-83.7812
PEV,45.9889,18.2420
PEW,33.9939,71.5146
PEX,65.1211,57.1308
PEY,-31.9167,133.0000
PEZ,53.1106,45.0211
PFA,45.5989,126.6581
PFB,-28.2440,-52.3278
PFC,45.1998,-123.9620
PFM,55.3900,-111.1198
PFO,34.7180,32.4857
PFQ,39.6036,47.8815
PFR,-4.3299,20.5901
PGA,36.9242,-111.4477
PGB,-7.0226,141.5605
PGC,38.9949,-79.1459
PGD,26.9202,-81.9905
PGE,-7.1344,146.1564
PGF,42.7404,2.8707
PGH,29.0334,79.4737
PGI,-7.3589,20.8047
PGK,-2.1622,106.1390
PGL,30.4628,-88.5292
PGM,59.3484,-151.8300
PGN,-6.3860,144.1084
PGO,37.2863,-107.0560
PGQ,0.9171,128.3821
PGR,36.0629,-90.5078
PGS,35.5272,-113.2476
PGU,27.3796,52.7377
PGV,35.6355,-77.3843
PGX,45.1981,0.8156
PGZ,-25.1845,-50.1438
PHA,11.6335,108.9520
PHB,-2.8937,-41.7320
PHC,5.0155,6.9496
PHD,40.4709,-81.4197
PHE,-20.3828,118.6298
PHF,37.1319,-76.4930
PHG,4.8461,7.0214
PHH,28.1838,84.0147
PHI,-2.4774,-45.1050
PHK,26.7850,-80.6934
PHL,39.8719,-75.2411
PHN,42.9110,-82.5289
PHO,68.3488,-166.7990
PHP,44.0485,-101.6009
PHQ,-21.8111,139.9240
PHR,-18.2553,178.0492
PHS,16.7829,100.2790
PHT,36.3382,-88.3829
PHW,-23.9372,31.1554
PHX,33.4353,-112.0059
PHY,16.6760,101.1950
PIA,40.6638,-89.6926
PIB,31.4671,-89.3371
PIC,21.8747,-72.0906
PIE,27.9102,-82.6874
PIH,42.9098,-112.5960
PIK,55.5015,-4.5772
PIL,-26.8820,-58.3191
PIM,32.8407,-84.8824
PIN,-2.6735,-56.7776
PIO,-13.7449,-76.2203
PIP,57.5804,-157.5720
PIQ,5.3567,-60.3810
PIR,44.3827,-100.2860
PIS,46.5877,0.3067
PIT,40.4915,-80.2329
PIU,-5.2058,-80.6164
PIV,-17.3169,-44.8603
PIW,55.5889,-97.1642
PIX,38.5543,-28.4413
PIZ,69.7329,-163.0050
PJA,67.2446,23.0749
PJB,34.2568,-111.3390
PJC,-22.6414,-55.8300
PJG,26.9545,64.1325
PJM,8.5333,-83.3000
PKA,60.7029,-161.7780
PKB,39.3451,-81.4392
PKC,53.1687,158.4511
PKD,46.9006,-95.0731
PKE,-33.1314,148.2390
PKF,45.9550,-90.4244
PKG,4.2447,100.5530
PKJ,15.9975,-90.7417
PKK,21.4043,95.1112
PKM,7.7422,-59.8826
PKN,-2.7052,111.6730
PKO,9.3577,2.6097
PKP,-14.8095,-138.8126
PKR,28.2006,83.9812
PKT,-14.2497,129.5295
PKU,0.4586,101.4443
PKV,57.7813,28.3938
PKW,-22.0583,27.8288
PKX,39.5013,116.4140
PKY,-2.2271,113.9434
PKZ,15.1340,105.7799
PLA,3.1971,-75.6420
PLD,9.8705,-85.4814
PLE,-5.3724,142.9758
PLF,9.3781,14.9250
PLJ,16.5370,-88.3615
PLK,36.6259,-93.2289
PLL,-3.1460,-59.9863
PLM,-2.8977,104.6981
PLN,45.5709,-84.7967
PLO,-34.6053,135.8800
PLQ,55.9732,21.0939
PLR,33.5588,-86.2491
PLS,21.7737,-72.2683
PLT,9.8000,-74.7833
PLU,-19.8507,-43.9503
PLV,49.5686,34.3972
PLW,-0.9165,119.9086
PLX,50.3513,80.2344
PLY,41.3651,-86.3005
PLZ,-33.9897,25.6174
PMA,-5.2573,39.8114
PMB,48.9425,-97.2408
PMC,-41.4431,-73.0941
PMD,34.6294,-118.0850
PMF,44.8264,10.2971
PMG,-22.5496,-55.7026
PMH,38.8405,-82.8473
PMI,39.5517,2.7388
PMK,-18.7553,146.5810
PML,56.0060,-160.5610
PMN,-9.7469,149.4766
PMO,38.1760,13.0910
PMP,-6.4992,143.5103
PMQ,-46.5379,-70.9787
PMR,-40.3206,175.6170
PMS,34.5574,38.3169
PMT,4.6996,-59.7138
PMV,10.9126,-63.9666
PMW,-10.2915,-48.3570
PMY,-42.7592,-65.1027
PMZ,8.9510,-83.4686
PNA,42.7700,-1.6463
PNB,-10.7194,-48.3997
PNC,36.7320,-97.0998
PND,16.1024,-88.8083
PNE,40.0824,-75.0106
PNG,-25.5401,-48.5312
PNH,11.5472,104.8447
PNI,6.9851,158.2099
PNJ,37.8047,120.8095
PNK,-0.1523,109.4045
PNL,36.8165,11.9689
PNN,45.2007,-67.5644
PNP,-8.8045,148.3090
PNQ,18.5821,73.9197
PNR,-4.8160,11.8866
PNS,30.4727,-87.1866
PNT,-51.6707,-72.5291
PNU,37.8452,-112.3920
PNV,55.7294,24.4608
PNX,33.7141,-96.6737
PNY,11.9680,79.8120
PNZ,-9.3624,-40.5691
POA,-29.9940,-51.1675
POB,35.1709,-79.0145
POC,34.0916,-117.7820
POD,16.6782,-14.9650
POE,31.0448,-93.1917
POF,36.7739,-90.3249
POG,-0.7117,8.7544
POH,42.7428,-94.6473
POI,-19.5433,-65.7237
POJ,-18.6727,-46.4913
POL,-12.9933,40.5249
POM,-9.4434,147.2200
PON,16.3258,-89.4161
POO,-21.8425,-46.5698
POP,19.7579,-70.5700
POR,61.4617,21.8000
POS,10.5953,-61.3376
POT,18.1988,-76.5345
POU,41.6266,-73.8842
POV,49.0297,21.3156
POW,45.4720,13.6160
POX,49.0961,2.0355
POY,44.8672,-108.7930
POZ,52.4216,16.8234
PPA,35.6130,-100.9960
PPB,-22.1751,-51.4246
PPC,66.8141,-150.6440
PPE,31.3520,-113.3052
PPF,37.3299,-95.5062
PPG,-14.3310,-170.7100
PPH,4.6004,-61.4982
PPI,-33.2389,137.9950
PPJ,-5.6444,106.5625
PPK,54.7756,69.1874
PPL,27.5178,86.5850
PPM,26.2471,-80.1111
PPN,2.4544,-76.6093
PPP,-20.4944,148.5536
PPQ,-40.9047,174.9890
PPR,0.8454,100.3702
PPS,9.7420,118.7591
PPT,-17.5535,-149.6069
PPU,18.0667,97.4498
PPV,56.3288,-133.6100
PPW,59.3510,-2.9004
PPX,-9.9900,149.4770
PPY,-22.2892,-45.9191
PPZ,6.2201,-67.4475
PQC,10.1698,103.9935
PQD,7.9231,81.5677
PQI,46.6890,-68.0448
PQM,17.5332,-92.0155
PQQ,-31.4358,152.8630
PQS,61.9617,-162.9419
PQT,69.9959,-51.3009
PRA,-31.7948,-60.4804
PRB,35.6729,-120.6270
PRC,34.6535,-112.4199
PRD,-20.1194,119.5719
PRE,5.7333,-71.9833
PRG,50.1009,14.2599
PRH,18.1322,100.1650
PRI,-4.3193,55.6916
PRK,-29.6836,22.7706
PRM,37.1493,-8.5840
PRN,42.5728,21.0358
PRO,41.8280,-94.1599
PRP,41.6606,8.8897
PRQ,-26.7536,-60.4922
PRR,5.8172,-61.0555
PRS,-9.6417,161.4250
PRU,18.8245,95.2660
PRV,49.4258,17.4047
PRW,45.5383,-90.2760
PRX,33.6366,-95.4508
PRY,-25.6539,28.2242
PRZ,44.2870,-120.9040
PSA,43.6839,10.3927
PSB,40.8844,-78.0873
PSC,46.2647,-119.1190
PSD,31.2793,32.2406
PSE,18.0083,-66.5630
PSF,42.4268,-73.2929
PSG,56.8017,-132.9450
PSH,54.3089,8.6869
PSI,25.2905,63.3451
PSJ,-1.4141,120.6592
PSK,37.1373,-80.6785
PSL,56.4392,-3.3722
PSM,43.0779,-70.8233
PSN,31.7797,-95.7063
PSO,1.3967,-77.2909
PSP,33.8297,-116.5070
PSQ,39.8590,-75.2996
PSR,42.4311,14.1830
PSS,-27.3858,-55.9707
PSU,0.8346,112.9402
PSW,-20.7318,-46.6620
PSX,28.7275,-96.2510
PSY,-51.6857,-57.7776
PSZ,-18.9753,-57.8206
PTA,60.2017,-154.3259
PTB,37.1838,-77.5074
PTC,55.8030,-133.5970
PTD,56.2468,-134.6480
PTF,-17.7784,177.1970
PTG,-23.8453,29.4586
PTH,56.9579,-158.6302
PTJ,-38.3181,141.4710
PTK,42.6655,-83.4201
PTL,-4.0869,-81.0258
PTM,7.5755,-70.1744
PTN,29.7095,-91.3390
PTO,-26.2172,-52.6945
PTP,16.2654,-61.5328
PTQ,-1.7413,-52.2360
PTS,37.4495,-94.7311
PTT,37.7016,-98.7469
PTU,59.0177,-161.8279
PTV,36.0296,-119.0630
PTW,40.2396,-75.5567
PTX,1.8578,-76.0857
PTY,9.0714,-79.3835
PTZ,-1.5052,-78.0627
PUA,-2.3950,150.2361
PUB,38.2891,-104.4970
PUC,39.6139,-110.7510
PUD,-47.7353,-65.9041
PUE,8.6688,-77.4174
PUF,43.3800,-0.4186
PUG,-32.5069,137.7170
PUJ,18.5671,-68.3646
PUK,-18.2957,-137.0163
PUL,47.7340,-122.6470
PUN,-1.3907,26.3481
PUP,11.1791,-1.1485
PUQ,-53.0026,-70.8546
PUR,-11.1077,-67.5512
PUS,35.1795,128.9380
PUT,14.1493,77.7911
PUU,0.5052,-76.5008
PUV,-20.2892,164.0993
PUW,46.7416,-117.1116
PUX,-41.3494,-72.9467
PUY,44.8935,13.9222
PUZ,14.0472,-83.3867
PVA,13.3575,-81.3580
PVC,42.0719,-70.2214
PVD,41.7250,-71.4257
PVF,38.7242,-120.7530
PVG,31.1434,121.8050
PVH,-8.7085,-63.9023
PVI,-23.0899,-52.4885
PVK,38.9255,20.7653
PVL,37.5608,-82.5701
PVO,-1.0416,-80.4722
PVR,20.6799,-105.2544
PVS,64.3781,-173.2430
PVU,40.2189,-111.7224
PVW,34.1681,-101.7170
PWA,35.5342,-97.6471
PWD,48.7903,-104.5340
PWE,69.7833,170.5970
PWI,11.3126,36.4164
PWK,42.1142,-87.9015
PWL,-7.4612,109.4141
PWM,43.6462,-70.3093
PWN,22.8297,-74.3461
PWO,-8.4008,28.9263
PWQ,52.1950,77.0731
PWR,56.3810,-134.6510
PWT,47.4902,-122.7650
PWY,42.7955,-109.8070
PXA,-4.0225,103.3792
PXH,-29.7160,135.5244
PXL,35.7917,-110.4230
PXM,15.8768,-97.0891
PXO,33.0734,-16.3500
PXR,14.8683,103.4980
PXU,14.0045,108.0170
PYA,5.9390,-74.4570
PYB,18.8795,82.5525
PYC,9.3069,-78.2353
PYE,-9.0144,-158.0324
PYG,27.2313,88.5872
PYH,5.6200,-67.6061
PYJ,66.4004,112.0300
PYK,35.7761,50.8267
PYL,60.6853,-147.9190
PYM,41.9090,-70.7288
PYN,1.8000,-78.1667
PYO,0.1159,-75.8502
PYR,37.9207,21.2926
PYS,39.7103,-121.6165
PYT,-17.2426,-46.8831
PYV,8.1528,-77.6870
PYY,19.3721,98.4359
PZA,5.8761,-71.8867
PZB,-29.6490,30.3987
PZE,50.1304,-5.5139
PZH,31.3584,69.4636
PZI,26.5400,101.7985
PZK,-10.9145,-165.8393
PZL,-27.8494,32.3097
PZO,8.2885,-62.7604
PZR,4.9616,-77.3639
PZS,-38.7668,-72.6371
PZU,19.4346,37.2341
PZY,48.6252,17.8284
QBC,52.3875,-126.5960
QCH,-19.4875,-40.5794
QCP,-6.2808,-36.5403
QCU,68.7443,-52.3404
QCY,53.0930,-0.1660
QDB,-30.0019,-52.9408
QDV,-23.1809,-46.9439
QFG,60.6197,-45.9141
QFI,68.1458,-53.1692
QFN,60.0047,-44.6569
QFX,60.9923,-45.4314
QGF,-29.7194,-51.4894
QGP,-8.8343,-36.4716
QGQ,67.9407,-53.6219
QGU,35.3941,136.8700
QHR,8.7163,39.0059
QHU,54.5100,9.1383
QHV,-29.6961,-51.0817
QIG,-6.3463,-39.2944
QIT,-15.2445,-40.2772
QJE,68.8579,-53.1233
QJH,60.7810,-47.1562
QJI,68.6343,-51.8323
QJP,37.8646,127.1766
QMJ,32.0017,49.2686
QOQ,60.5378,-46.0247
QOW,5.4271,7.2060
QPG,1.3604,103.9100
QPW,68.3127,-53.4602
QRA,-26.2425,28.1512
QRF,-35.1458,-60.4803
QRM,-32.2147,148.2250
QRO,20.6188,-100.1864
QRW,5.5982,5.8187
QRY,68.1409,-53.4415
QSC,-21.8750,-47.9039
QSF,36.1785,5.3299
QSI,-3.3633,37.3269
QSR,40.6204,14.9113
QSX,6.2443,-57.4742
QSZ,38.2454,77.0561
QUB,26.5675,12.8231
QUG,50.8598,-0.7601
QUO,4.8725,8.0930
QUV,60.1484,-44.2869
QUW,60.5974,-45.3824
QUY,52.3571,-0.1078
RAA,-4.2096,152.4385
RAB,-4.3405,152.3800
RAC,42.7606,-87.8152
RAD,18.4183,-64.6174
RAE,30.9066,41.1382
RAF,-31.2825,-61.5017
RAG,-37.8047,174.8600
RAH,29.6264,43.4906
RAI,14.9411,-23.4847
RAJ,22.3092,70.7795
RAK,31.6048,-8.0358
RAL,33.9519,-117.4450
RAM,-12.3564,134.8980
RAN,44.3643,12.2250
RAO,-21.1343,-47.7741
RAP,44.0453,-103.0570
RAQ,-4.7633,122.5664
RAR,-21.2027,-159.8060
RAS,37.3233,49.6178
RAV,6.3164,-70.2114
RAW,-6.2206,155.5714
RAX,-9.6329,148.0481
RAZ,33.8497,73.7981
RBA,34.0515,-6.7515
RBB,-4.4063,-59.6024
RBC,-34.6429,142.7730
RBD,32.6809,-96.8682
RBE,13.7300,106.9870
RBF,34.2638,-116.8560
RBG,43.2388,-123.3560
RBI,-16.5337,179.9757
RBJ,45.4550,141.0390
RBK,33.5742,-117.1280
RBL,40.1507,-122.2520
RBM,48.9008,12.5167
RBO,-18.3282,-59.7653
RBP,-9.9711,149.8322
RBQ,-14.4279,-67.4968
RBR,-9.8690,-67.8940
RBS,-37.7900,148.6100
RBT,2.3443,38.0000
RBU,-20.7639,117.1552
RBV,-8.1681,157.6430
RBW,32.9210,-80.6406
RBX,6.8311,29.6691
RBY,64.7272,-155.4700
RBZ,39.0301,66.7758
RCA,44.1450,-103.1040
RCB,-28.7410,32.0921
RCE,48.6123,-123.1390
RCH,11.5262,-72.9260
RCK,30.6316,-96.9897
RCL,-15.4720,167.8350
RCM,-20.7019,143.1150
RCO,45.8878,-0.9831
RCQ,-29.2103,-59.6833
RCR,41.0656,-86.1817
RCS,51.3519,0.5033
RCU,-33.0851,-64.2613
RCY,23.6834,-74.8363
RDA,-18.9533,135.2010
RDB,68.0321,-162.8990
RDC,-8.0312,-49.9797
RDD,40.5090,-122.2930
RDE,-1.5912,133.2959
RDG,40.3785,-75.9652
RDL,30.4107,33.1553
RDM,44.2541,-121.1500
RDN,5.7648,103.0049
RDO,51.3894,21.2147
RDP,23.6225,87.2430
RDR,47.9611,-97.4012
RDS,-37.3906,-68.9042
RDT,16.4378,-15.6564
RDU,35.8787,-78.7873
RDV,61.7881,-157.3500
RDZ,44.4079,2.4827
REA,-18.4665,-136.4385
REB,53.3064,12.7522
REC,-8.1275,-34.9230
RED,40.6774,-77.6268
REE,33.5903,-102.0370
REG,38.0712,15.6516
REI,4.3134,-52.1327
REL,-43.2105,-65.2703
REN,51.7927,55.4572
REO,42.5777,-117.8850
REQ,29.0469,62.1968
RER,14.5214,-91.6970
RES,-27.4499,-59.0561
RET,67.5265,12.1016
REU,41.1475,1.1684
REW,24.5034,81.2203
REX,26.0089,-98.2285
REY,-14.3044,-67.3534
REZ,-22.4785,-44.4803
RFA,4.9886,23.9278
RFD,42.1954,-89.0972
RFG,28.2936,-97.3230
RFK,32.9535,-90.8451
RFN,66.4064,-15.9183
RFP,-16.7229,-151.4660
RFR,10.3274,-83.8876
RFS,13.8897,-84.4089
RGA,-53.7777,-67.7494
RGH,25.2617,88.7956
RGI,-14.9543,-147.6610
RGK,51.9692,85.8365
RGL,-51.6088,-69.3089
RGN,16.9073,96.1332
RGO,41.4285,129.6476
RGR,32.4526,-98.6828
RGS,42.3576,-3.6208
RGT,-0.3528,102.3350
RHA,65.4526,-22.2061
RHD,-27.4966,-64.9360
RHG,-1.4969,29.6313
RHI,45.6312,-89.4675
RHL,-22.6258,119.9590
RHN,-27.8764,16.6478
RHO,36.4054,28.0862
RHP,27.3940,86.0614
RHT,39.2250,101.5460
RHV,37.3329,-121.8190
RIA,-29.7114,-53.6882
RIB,-11.0094,-66.0755
RIC,37.5052,-77.3197
RID,39.7572,-84.8428
RIE,45.4230,-91.7731
RIF,38.7341,-112.1016
RIG,-32.0831,-52.1672
RIH,8.3759,-80.1279
RIJ,-6.0679,-77.1600
RIL,39.5263,-107.7270
RIM,-6.3923,-77.5012
RIN,-8.1264,157.1430
RIR,33.9897,-117.4110
RIS,45.2420,141.1860
RIV,33.8807,-117.2590
RIW,43.0642,-108.4600
RIX,56.9208,23.9707
RIY,14.6622,49.3753
RIZ,35.4050,119.3244
RJA,17.1058,81.8132
RJB,26.5101,86.7339
RJH,24.4372,88.6165
RJI,33.3779,74.3152
RJK,45.2164,14.5709
RJL,42.4610,-2.3222
RJM,-0.4250,130.7735
RJN,30.2983,56.0490
RKA,-15.4857,-145.4648
RKD,44.0601,-69.0992
RKE,55.5856,12.1314
RKH,34.9878,-81.0572
RKI,-2.1001,99.7044
RKP,28.0868,-97.0446
RKR,35.0216,-94.6213
RKS,41.5942,-109.0650
RKT,25.6135,55.9388
RKU,-8.8170,146.5244
RKV,64.1287,-21.9376
RKW,35.9223,-84.6897
RKY,-13.6434,142.6410
RKZ,29.3509,89.2992
RLA,37.9357,-91.8135
RLD,46.3056,-119.3040
RLG,53.9182,12.2783
RLK,40.9264,107.7409
RLO,-32.3847,-65.1865
RLP,-18.4253,144.4587
RLR,-22.6453,45.3239
RLT,18.7904,7.3660
RMA,-26.5450,148.7750
RMB,24.2416,55.7837
RMD,18.7010,79.3923
RME,43.2338,-75.4070
RMF,25.5555,34.5924
RMG,34.3506,-85.1580
RMI,44.0200,12.6122
RMK,-34.1964,140.6740
RML,6.8216,79.8859
RMN,-5.8972,141.2717
RMO,46.9277,28.9317
RMP,65.5079,-150.1410
RMQ,24.2647,120.6210
RMS,49.4369,7.6003
RMT,-22.6373,-152.8059
RMU,37.8029,-1.1249
RMY,37.5109,-120.0400
RMZ,58.0597,68.3480
RNA,-9.8605,161.9795
RNB,56.2667,15.2650
RNC,35.6987,-85.8438
RND,29.5297,-98.2789
RNE,46.0538,3.9990
RNH,45.1483,-92.5381
RNI,12.1748,-83.0594
RNJ,27.0438,128.4016
RNL,-11.5500,160.0628
RNM,21.3772,57.0563
RNN,55.0633,14.7596
RNO,39.4991,-119.7680
RNP,11.1572,166.8870
RNS,48.0695,-1.7348
RNT,47.4931,-122.2160
RNU,5.9578,116.6802
RNZ,40.9479,-87.1826
ROA,37.3255,-79.9754
ROB,6.2338,-10.3623
ROC,43.1189,-77.6724
ROD,-33.8122,19.9028
ROF,41.7304,-122.5460
ROG,36.3723,-94.1069
ROH,-18.8450,143.7100
ROI,16.1168,103.7740
ROK,-23.3800,150.4754
ROL,40.2783,-110.0510
RON,5.7645,-73.1054
ROO,-16.5843,-54.7248
ROP,14.1733,145.2411
ROR,7.3670,134.5441
ROS,-32.9036,-60.7850
ROT,-38.1092,176.3170
ROU,43.6948,26.0567
ROV,47.4939,39.9247
ROW,33.3016,-104.5310
ROX,48.8560,-95.6970
ROY,-45.7039,-70.2456
ROZ,36.6452,-6.3495
RPA,28.2673,82.7565
RPB,-14.7348,134.5255
RPM,-14.7228,134.7470
RPN,32.9810,35.5719
RPR,21.1804,81.7388
RPU,-4.8843,-65.3554
RPV,-14.9215,134.0500
RPX,46.4751,-108.5415
RQA,38.9747,88.0083
RQO,35.4727,-98.0058
RQW,35.7672,43.1251
RQY,13.8580,75.6189
RRE,-29.6633,138.0650
RRG,-19.7567,63.3593
RRJ,-22.9868,-43.3722
RRK,22.2566,84.8152
RRL,45.1989,-89.7129
RRM,-18.3193,35.9495
RRR,-16.0505,-142.4766
RRS,62.5784,11.3423
RRT,48.9414,-95.3484
RRV,-16.7183,136.9450
RSA,-36.5883,-64.2757
RSB,-25.8257,139.6275
RSD,24.8916,-76.1776
RSE,-33.8690,151.2620
RSH,61.7751,-161.3195
RSI,25.6280,37.0889
RSJ,48.6457,-122.8680
RSK,-1.4967,134.1925
RSL,38.8721,-98.8118
RSN,32.5142,-92.5885
RSS,11.7859,34.3367
RST,43.9083,-92.5000
RSU,34.8423,127.6170
RSW,26.5347,-81.7528
RSX,44.9917,-73.3631
RTA,-12.4825,177.0710
RTB,16.3168,-86.5230
RTC,17.0136,73.3278
RTE,-23.5091,-46.6378
RTG,-8.5962,120.4782
RTI,-10.7658,123.0760
RTL,43.3875,-95.1392
RTM,51.9569,4.4372
RTN,36.7415,-104.5020
RTO,-6.2932,106.5700
RTP,-15.6450,141.8444
RTS,-32.0067,115.5400
RTU,2.1976,118.5994
RTY,-28.5827,140.3033
RUA,3.0492,30.9117
RUD,36.4249,55.1043
RUE,0.1171,29.3130
RUF,-3.6289,140.9537
RUG,32.2583,120.5011
RUH,24.9576,46.6988
RUI,33.4628,-105.5350
RUK,28.6270,82.1940
RUL,0.3381,73.5129
RUM,27.3035,86.5504
RUN,-20.8901,55.5189
RUP,26.1419,89.9079
RUR,-22.4341,-151.3610
RUS,-9.8617,160.8250
RUT,43.5294,-72.9496
RUU,-5.3344,144.2567
RUV,15.9920,-90.4453
RUY,14.9149,-89.0078
RVA,-22.8053,47.8206
RVC,5.4725,-9.5855
RVD,-17.8347,-50.9561
RVE,6.9519,-71.8572
RVK,64.8383,11.1461
RVN,66.5633,25.8298
RVO,-27.5472,24.1725
RVR,38.9614,-110.2270
RVS,36.0396,-95.9846
RVT,-33.7972,120.2080
RVV,-23.8852,-147.6620
RVY,-30.9746,-55.4762
RWF,44.5472,-95.0823
RWI,35.8563,-77.8919
RWL,41.8056,-107.2000
RWN,50.6071,26.1416
RXA,14.4487,47.2796
RXE,43.8339,-111.8050
RXS,11.5977,122.7520
RYB,58.1042,38.9294
RYK,28.3839,70.2796
RYL,-15.7248,29.3035
RYN,45.6281,-0.9725
RYO,-51.6050,-72.2203
RZA,-50.0165,-68.5792
RZE,50.1098,22.0242
RZH,42.9217,133.9044
RZP,11.0506,119.5193
RZR,36.9070,50.6873
RZS,26.9662,68.8781
RZV,41.1798,40.8488
SAA,41.4449,-106.8240
SAB,17.6453,-63.2205
SAC,38.5125,-121.4930
SAD,32.8548,-109.6350
SAE,70.8112,-51.6313
SAF,35.6171,-106.0890
SAG,19.6892,74.3737
SAH,15.4763,44.2197
SAI,13.3697,104.2238
SAK,65.7317,-19.5728
SAL,13.4445,-89.0558
SAM,-9.6701,150.7903
SAN,32.7336,-117.1900
SAP,15.4526,-87.9236
SAQ,25.0538,-78.0490
SAR,38.1489,-89.6987
SAS,33.2414,-115.9520
SAT,29.5337,-98.4698
SAU,-10.4924,121.8482
SAV,32.1266,-81.2000
SAW,40.8986,29.3092
SAX,8.0263,-78.2096
SAZ,4.6818,-8.4347
SBA,34.4262,-119.8400
SBB,7.8035,-71.1657
SBC,-5.3150,141.7520
SBD,34.0967,-117.2366
SBE,-6.1044,142.2783
SBF,33.3207,68.6365
SBG,5.8747,95.3397
SBH,17.9044,-62.8433
SBI,12.5753,-13.3633
SBJ,-18.7213,-39.8337
SBK,48.5386,-2.8535
SBL,-13.7622,-65.4352
SBM,43.7696,-87.8514
SBN,41.7083,-86.3169
SBO,39.0291,-111.8380
SBP,35.2368,-120.6420
SBQ,29.5712,67.8479
SBR,-9.3783,142.6250
SBS,40.5163,-106.8660
SBT,71.2192,72.0522
SBU,-29.6893,17.9396
SBV,-5.5765,155.0489
SBW,2.2616,111.9850
SBX,48.5407,-111.8710
SBY,38.3405,-75.5103
SBZ,45.7858,24.0867
SCA,8.5000,-76.1750
SCB,41.6103,-96.6299
SCC,70.1947,-148.4650
SCD,14.9072,-87.2634
SCE,40.8494,-77.8485
SCF,33.6229,-111.9110
SCG,-18.6377,144.5457
SCH,42.8525,-73.9289
SCI,7.8014,-72.2028
SCK,37.8933,-121.2381
SCL,-33.3930,-70.7858
SCM,61.8447,-165.5752
SCN,49.2145,7.1097
SCO,43.8601,51.0909
SCP,44.7017,6.6003
SCQ,42.8963,-8.4151
SCR,61.1651,12.8335
SCT,12.6321,53.9062
SCU,19.9747,-75.8355
SCV,47.6875,26.3541
SCW,61.6470,50.8451
SCX,16.2126,-95.2016
SCY,-0.9102,-89.6174
SCZ,-10.7203,165.7950
SDB,-32.9689,18.1603
SDC,2.9913,-59.5100
SDD,-14.9248,13.5767
SDE,-27.7656,-64.3100
SDF,38.1706,-85.7351
SDG,35.2459,47.0092
SDI,-5.6271,146.4628
SDJ,38.1397,140.9170
SDK,5.9009,118.0590
SDL,62.5281,17.4439
SDM,32.5726,-116.9800
SDN,61.8300,6.1058
SDP,55.3139,-160.5221
SDQ,18.4297,-69.6689
SDR,43.4271,-3.8200
SDS,38.0602,138.4140
SDT,34.8136,72.3528
SDU,-22.9104,-43.1628
SDW,16.0026,73.5298
SDX,34.8486,-111.7880
SDY,47.7051,-104.1944
SEA,47.4479,-122.3103
SEB,26.9925,14.4662
SEE,32.8262,-116.9720
SEF,27.4564,-81.3424
SEG,40.8206,-76.8639
SEH,-3.4424,140.7781
SEK,67.4805,153.7364
SEM,32.3439,-86.9878
SEN,51.5706,0.6936
SEO,7.9600,-6.6442
SEP,32.2153,-98.1777
SEQ,1.3700,102.1400
SER,38.9236,-85.9074
SES,66.8400,88.4033
SET,-8.0614,-38.3289
SEU,-2.4581,34.8225
SEW,29.3462,25.5056
SEY,15.1797,-12.2073
SEZ,-4.6743,55.5218
SFA,34.7180,10.6910
SFB,28.7743,-81.2346
SFC,16.2578,-61.2625
SFD,7.8833,-67.4440
SFE,16.5956,120.3030
SFF,47.6829,-117.3219
SFG,18.1001,-63.0474
SFH,30.9301,-114.8085
SFJ,67.0104,-50.7153
SFK,-0.6978,-48.5198
SFL,14.8850,-24.4800
SFM,43.3939,-70.7080
SFN,-31.7117,-60.8117
SFO,37.6198,-122.3748
SFS,14.7948,120.2719
SFT,64.6248,21.0769
SFU,-9.5945,148.6393
SFV,-20.2285,-50.9689
SFX,8.2788,-62.6652
SFZ,41.9208,-71.4914
SGA,37.4976,71.5085
SGC,61.3405,73.4058
SGD,54.9644,9.7917
SGE,50.7077,8.0830
SGF,37.2450,-93.3886
SGG,65.9059,-36.3783
SGH,39.8403,-83.8402
SGI,32.0486,72.6650
SGK,-5.1258,144.3236
SGL,14.4954,120.9040
SGM,27.2965,-112.9388
SGN,10.8188,106.6520
SGO,-28.0497,148.5950
SGP,-20.4247,120.1410
SGQ,0.3844,117.5428
SGR,29.6223,-95.6565
SGT,34.5995,-91.5750
SGU,37.0364,-113.5103
SGV,-41.5917,-65.3394
SGW,56.8863,-134.1580
SGX,-10.6830,35.5830
SGY,59.4603,-135.3167
SGZ,7.1866,100.6080
SHA,31.1981,121.3343
SHB,43.5775,144.9600
SHC,14.0757,38.2736
SHD,38.2638,-78.8964
SHE,41.6398,123.4837
SHF,44.2421,85.8905
SHG,66.8881,-157.1620
SHH,66.2496,-166.0891
SHI,24.8267,125.1450
SHJ,25.3286,55.5172
SHK,-29.7311,28.7679
SHL,25.7036,91.9787
SHM,33.6622,135.3640
SHN,47.2336,-123.1480
SHO,-26.3586,31.7169
SHQ,-27.9218,153.3715
SHR,44.7692,-106.9800
SHS,30.2928,112.4485
SHT,-36.4283,145.3915
SHU,-11.1336,132.1596
SHV,32.4447,-93.8267
SHW,17.4669,47.1214
SHX,62.6921,-159.5690
SHY,-3.6093,33.5035
SHZ,-29.2676,28.5523
SIA,34.3767,109.1200
SIB,-3.6866,13.3740
SIC,8.2622,-79.0780
SID,16.7414,-22.9494
SIF,27.1598,84.9800
SIG,18.4568,-66.0981
SIH,29.2622,80.9360
SIJ,66.1378,-18.9082
SIK,36.8989,-89.5618
SIL,-9.0736,148.3893
SIM,-5.2786,144.5447
SIN,1.3502,103.9940
SIO,-40.8350,145.0840
SIP,45.0522,33.9751
SIQ,-0.4796,104.5795
SIR,46.2192,7.3269
SIS,-27.6486,22.9993
SIT,57.0471,-135.3620
SIU,13.7272,-84.7778
SIV,39.1147,-87.4483
SIW,2.6020,98.9624
SIX,-32.6008,151.1931
SIY,41.7814,-122.4680
SIZ,-2.9994,142.0445
SJA,-15.3575,-75.1350
SJB,-13.0672,-64.6752
SJC,37.3625,-121.9292
SJD,23.1519,-109.7207
SJE,2.5797,-72.6394
SJF,18.3315,-64.7960
SJH,10.7667,-73.0167
SJI,12.3615,121.0470
SJJ,43.8246,18.3315
SJK,-23.2292,-45.8615
SJL,-0.1484,-66.9855
SJN,34.5186,-109.3790
SJO,9.9939,-84.2088
SJP,-20.8171,-49.4070
SJQ,-17.4763,24.3061
SJR,8.7667,-76.5333
SJS,-17.8308,-60.7431
SJT,31.3577,-100.4960
SJU,18.4394,-66.0018
SJV,-16.2708,-62.4703
SJW,38.2807,114.6970
SJX,18.3561,-88.1308
SJY,62.6921,22.8323
SJZ,38.6655,-28.1758
SKA,47.6151,-117.6560
SKB,17.3108,-62.7191
SKC,-8.0466,141.7222
SKD,39.7018,66.9815
SKF,29.3842,-98.5811
SKG,40.5193,22.9700
SKH,28.5860,81.6360
SKJ,0.7899,108.9604
SKK,64.3711,-161.2240
SKL,57.2531,-5.8278
SKM,5.8597,-57.1490
SKN,68.5788,15.0334
SKO,12.9157,5.2075
SKP,41.9581,21.6226
SKQ,-30.0389,28.3703
SKR,5.6923,38.9764
SKS,55.2210,9.2670
SKT,32.5359,74.3646
SKU,38.9676,24.4872
SKV,28.6843,34.0644
SKW,61.9653,-151.1910
SKX,54.1251,45.2123
SKZ,27.7220,68.7917
SLA,-24.8560,-65.4862
SLB,42.5973,-95.2407
SLC,40.7889,-111.9799
SLD,48.6378,19.1341
SLE,44.9095,-123.0030
SLF,20.4647,45.6196
SLG,36.1919,-94.4900
SLH,-13.8517,167.5370
SLI,-12.1737,26.3651
SLJ,-22.2568,117.8505
SLK,44.3869,-74.2046
SLL,17.0387,54.0913
SLM,40.9521,-5.5020
SLN,38.7910,-97.6522
SLO,38.6429,-88.9642
SLP,22.2620,-100.9357
SLQ,61.7005,-157.1660
SLR,33.1598,-95.6211
SLT,38.5383,-106.0490
SLU,14.0202,-60.9929
SLV,31.0818,77.0680
SLW,25.5379,-100.9283
SLX,21.3330,-71.2000
SLY,66.5908,66.6110
SLZ,-2.5864,-44.2350
SMA,36.9714,-25.1706
SMB,-52.7367,-69.3336
SMD,41.1434,-85.1528
SME,37.0534,-84.6159
SMF,38.6954,-121.5910
SMH,-6.0753,146.8111
SMI,37.6900,26.9117
SMJ,-7.7500,146.9273
SMK,63.4901,-162.1100
SML,23.5823,-75.2686
SMM,4.4546,118.5950
SMN,45.1222,-113.8820
SMO,34.0158,-118.4510
SMP,-4.3500,151.5500
SMQ,-2.4992,112.9750
SMR,11.1196,-74.2306
SMS,-17.0939,49.8158
SMT,-12.4792,-55.6723
SMU,61.8120,-147.5070
SMV,46.5341,9.8841
SMW,26.7320,-11.6837
SMX,34.8989,-120.4570
SMY,13.0468,-13.2954
SMZ,4.3514,-54.4181
SNA,33.6751,-117.8693
SNB,-11.4177,130.6485
SNC,-2.2101,-80.9851
SNE,16.5889,-24.2841
SNF,10.2787,-68.7552
SNG,-16.3872,-60.9623
SNH,-28.6201,151.9833
SNI,5.0321,-9.0642
SNJ,22.1005,-84.1574
SNK,32.6902,-100.9489
SNL,35.3579,-96.9428
SNM,-14.9658,-65.6338
SNN,52.7020,-8.9248
SNO,17.1951,104.1190
SNP,57.1663,-170.2226
SNQ,30.5288,-115.9462
SNR,47.3114,-2.1526
SNS,36.6628,-121.6060
SNT,7.3832,-73.5054
SNU,22.4922,-79.9431
SNV,4.5547,-61.1452
SNW,18.4607,94.3001
SNX,35.5911,53.4951
SNY,41.1013,-102.9850
SNZ,-22.9324,-43.7191
SOA,9.5814,105.9602
SOB,46.6864,17.1591
SOC,-7.5160,110.7575
SOD,-23.4780,-47.4900
SOE,1.9983,14.1742
SOF,42.6964,23.4177
SOG,61.1561,7.1378
SOH,3.0167,-71.7500
SOI,-20.2622,148.8399
SOJ,69.7868,20.9594
SOK,-29.8386,28.0600
SOL,64.5605,-164.4457
SOM,8.9451,-64.1511
SON,-15.5050,167.2200
SOO,61.2615,17.0991
SOP,35.2372,-79.3894
SOQ,-0.8940,131.2870
SOR,34.3904,40.1526
SOT,67.3950,26.6191
SOU,50.9503,-1.3568
SOV,59.4430,-151.7052
SOW,34.2641,-110.0071
SOX,5.6773,-72.9703
SOY,59.1553,-2.6414
SOZ,41.9244,9.4060
SPA,34.9157,-81.9565
SPB,18.3382,-64.9397
SPC,28.6265,-17.7556
SPD,25.7592,88.9089
SPE,4.7330,116.4670
SPF,44.4803,-103.7830
SPG,27.7651,-82.6270
SPH,-8.3038,147.1659
SPI,39.8441,-89.6779
SPJ,36.9738,22.5257
SPM,49.9765,6.6984
SPN,15.1194,145.7288
SPP,-14.6576,17.7198
SPQ,33.7492,-118.2750
SPR,17.9139,-87.9711
SPS,33.9888,-98.4919
SPT,5.0833,115.5500
SPU,43.5389,16.2980
SPV,-3.8821,143.6734
SPW,43.1655,-95.2028
SPX,30.1082,30.8957
SPY,4.7467,-6.6608
SPZ,36.1764,-94.1193
SQA,34.6068,-120.0760
SQB,4.4083,-75.0217
SQC,-31.2400,119.3600
SQD,28.3797,117.9643
SQE,5.4002,-71.7001
SQF,0.7020,-75.2505
SQG,-0.0452,111.4580
SQH,21.2153,104.0328
SQI,41.7422,-89.6736
SQJ,26.4263,117.8336
SQK,31.4720,25.8793
SQL,37.5131,-122.2508
SQM,-13.3313,-50.1976
SQN,-2.1004,125.9658
SQO,64.9609,17.6966
SQQ,55.8939,23.3950
SQR,-2.5306,121.3561
SQS,17.1859,-89.0099
SQT,-10.5628,150.6907
SQU,-6.9600,-76.7684
SQV,48.0981,-123.1870
SQW,56.5502,9.1730
SQX,-26.7816,-53.5035
SQY,-31.3833,-52.0328
SRA,-27.9066,-54.5206
SRB,-14.0731,-66.7874
SRC,35.2106,-91.7375
SRD,-13.2639,-64.6039
SRE,-19.2468,-65.1496
SRG,-6.9707,110.3732
SRH,9.1444,18.3744
SRJ,-14.8592,-66.7375
SRK,77.7865,-70.6387
SRL,27.0927,-112.0985
SRM,-24.0568,139.0821
SRN,-42.1550,145.2920
SRO,2.2167,-75.2500
SRP,59.7919,5.3408
SRQ,27.3946,-82.5544
SRR,-27.5190,153.4276
SRS,8.6900,-75.1560
SRT,1.7277,33.6228
SRU,22.9392,93.6153
SRV,61.7897,-156.5890
SRW,35.6459,-80.5203
SRX,31.0586,16.5971
SRY,36.6444,53.1888
SRZ,-17.8116,-63.1715
SSA,-12.9086,-38.3225
SSB,17.7479,-64.7079
SSC,33.9727,-80.4706
SSD,-32.7458,-70.7050
SSE,17.6280,75.9348
SSF,29.3370,-98.4711
SSG,3.7553,8.7087
SSH,27.9773,34.3947
SSI,31.1518,-81.3913
SSJ,65.9568,12.4689
SSK,-19.1664,128.1740
SSL,5.1309,-70.8682
SSN,37.4447,127.1127
SSO,-22.0909,-45.0445
SSP,-13.9754,143.5537
SSQ,48.9172,-79.1786
SSR,-15.4708,168.1520
SSS,-5.5965,147.8106
SST,-36.5423,-56.7218
SSW,48.6734,-123.1754
SSX,-24.8020,31.4219
SSY,-6.2699,14.2470
SSZ,-23.9282,-46.3002
STA,55.9901,8.3539
STB,8.9746,-71.9433
STC,45.5466,-94.0599
STD,7.5654,-72.0351
STE,44.5452,-89.5303
STF,-9.5100,143.5500
STG,56.5773,-169.6638
STH,-17.8627,142.5578
STI,19.4041,-70.6044
STJ,39.7719,-94.9097
STK,40.6135,-103.2638
STL,38.7487,-90.3700
STM,-2.4224,-54.7931
STN,51.8850,0.2350
STP,44.9348,-93.0600
STQ,41.4125,-78.5026
STR,48.6899,9.2220
STS,38.5090,-122.8130
STT,18.3371,-64.9773
STU,18.2721,-88.4563
STV,21.1155,72.7433
STW,45.1092,42.1128
STX,17.7014,-64.8026
STY,-31.4385,-57.9853
SUA,27.1817,-80.2211
SUB,-7.3798,112.7870
SUD,35.7896,-96.6557
SUE,44.8437,-87.4215
SUF,38.9062,16.2460
SUG,9.7558,125.4809
SUI,42.8582,41.1281
SUJ,47.7033,22.8857
SUK,67.7920,130.3940
SUL,28.6451,69.1769
SUM,33.9950,-80.3613
SUN,43.5044,-114.2960
SUO,43.8763,-121.4530
SUP,-7.0224,113.8877
SUQ,-2.4742,-78.1690
SUR,52.7086,-88.5419
SUS,38.6621,-90.6520
SUT,-7.9489,31.6103
SUU,38.2627,-121.9270
SUV,-18.0442,178.5615
SUW,46.6886,-92.0950
SUX,42.3976,-96.3822
SUY,62.1850,117.6350
SVA,63.6864,-170.4930
SVB,-14.2786,50.1747
SVC,32.6367,-108.1547
SVD,13.1597,-61.1488
SVE,40.3757,-120.5730
SVF,8.0182,2.4646
SVG,58.8767,5.6378
SVH,35.7653,-80.9539
SVI,2.1522,-74.7663
SVJ,68.2433,14.6692
SVK,16.7283,-88.3692
SVL,61.9431,28.9451
SVN,32.0100,-81.1457
SVO,55.9769,37.4112
SVP,-12.4046,16.9474
SVQ,37.4180,-5.8931
SVR,76.0186,-65.1177
SVS,66.0167,-149.0568
SVT,-18.5185,24.0777
SVU,-16.8034,179.3406
SVV,7.0000,-62.0000
SVW,61.0974,-155.5740
SVX,56.7431,60.8027
SVZ,7.8408,-72.4399
SWA,23.5520,116.5033
SWB,-21.5103,119.3620
SWC,-37.0717,142.7410
SWD,60.1305,-149.4186
SWE,-6.2842,147.5824
SWF,41.5042,-74.1089
SWG,-6.1396,147.2792
SWH,-35.3758,143.5330
SWJ,-16.4864,167.4472
SWL,10.5243,119.2729
SWN,29.9943,77.4246
SWO,36.1621,-97.0856
SWP,-22.6619,14.5681
SWQ,-8.4890,117.4120
SWR,-4.5299,153.0544
SWS,51.6014,-4.0710
SWT,60.7094,77.6600
SWU,37.2394,127.0070
SWV,61.9218,159.2291
SWW,32.4674,-100.4670
SWX,-18.3739,21.8326
SWY,4.2222,100.6993
SXA,-6.0908,147.5955
SXB,48.5383,7.6282
SXE,-38.0908,146.9653
SXG,-16.1130,23.2982
SXH,-9.9645,151.1619
SXI,25.9089,54.5394
SXJ,42.9117,90.2475
SXK,-7.8484,131.3371
SXL,54.2802,-8.5992
SXM,18.0410,-63.1089
SXN,-20.5534,26.1158
SXO,-11.6324,-50.6896
SXP,62.5206,-164.8480
SXQ,60.4749,-151.0385
SXR,33.9871,74.7742
SXS,5.0878,119.0940
SXT,4.3303,102.3950
SXU,6.8028,37.6862
SXV,11.7833,78.0656
SXW,-5.9701,148.8543
SXX,-6.6413,-51.9523
SXY,42.3026,-75.4160
SXZ,37.9789,41.8404
SYA,52.7123,174.1140
SYB,58.3733,-152.2018
SYC,-11.8980,-69.0625
SYD,-33.9461,151.1770
SYE,16.9675,43.7281
SYF,49.1510,-123.6980
SYH,27.8112,86.7124
SYI,35.5601,-86.4425
SYJ,29.5509,55.6727
SYK,65.0589,-22.7646
SYL,35.8150,-120.7440
SYM,22.7933,100.9590
SYN,44.4756,-93.0168
SYO,38.8122,139.7870
SYP,8.0856,-80.9453
SYQ,9.9571,-84.1398
SYR,43.1112,-76.1063
SYS,71.9279,114.0800
SYT,46.4140,4.0142
SYU,-10.2083,142.8250
SYV,31.5585,-83.8957
SYW,26.4731,67.7172
SYX,18.3029,109.4120
SYY,58.2156,-6.3311
SYZ,29.5392,52.5898
SZA,-6.1411,12.3718
SZB,3.1306,101.5490
SZE,11.7875,40.9915
SZF,41.2540,36.5675
SZG,47.7933,13.0043
SZH,39.2732,112.6916
SZI,47.4875,84.8877
SZJ,21.6425,-82.9551
SZK,-24.9609,31.5886
SZL,38.7303,-93.5479
SZM,-24.5128,15.7467
SZN,34.0601,-119.9152
SZP,34.3472,-119.0610
SZS,-46.8997,168.1010
SZV,31.2631,120.4010
SZX,22.6395,113.8033
SZY,53.4819,20.9377
SZZ,53.5847,14.9022
TAB,11.1496,-60.8313
TAC,11.2278,125.0278
TAD,37.2594,-104.3410
TAE,35.8944,128.6570
TAF,35.5424,-0.5323
TAG,9.5730,123.7701
TAH,-19.4551,169.2240
TAI,13.6860,44.1391
TAJ,-3.1982,142.4310
TAK,34.2150,134.0155
TAL,65.1744,-152.1090
TAM,22.2926,-97.8671
TAN,-27.1377,153.3641
TAO,36.3620,120.0882
TAP,14.7945,-92.3699
TAQ,-30.7029,134.5828
TAR,40.5175,17.4032
TAS,41.2579,69.2812
TAT,49.0710,20.2414
TAU,5.0128,-72.7424
TAW,-31.7490,-55.9258
TAX,-1.6426,124.5590
TAY,58.3074,26.6865
TAZ,41.7599,59.8361
TBB,13.0496,109.3340
TBC,36.0911,-111.3829
TBD,2.7786,-77.6680
TBE,-4.1966,143.5192
TBF,-1.2245,174.7760
TBG,-5.2805,141.2276
TBH,12.3110,122.0850
TBI,24.3153,-75.4523
TBJ,36.9800,8.8769
TBK,-15.6200,130.4450
TBL,-17.2833,126.9000
TBM,-1.4690,113.0810
TBN,37.7416,-92.1407
TBO,-5.0764,32.8333
TBP,-3.5521,-80.3811
TBQ,-6.4667,145.5322
TBR,32.4827,-81.7369
TBS,41.6692,44.9547
TBT,-4.2557,-69.9358
TBU,-21.2414,-175.1492
TBV,8.3027,171.1615
TBW,52.8061,41.4828
TBX,0.9799,107.5647
TBY,-26.0345,22.4013
TBZ,38.1339,46.2350
TCA,-19.6344,134.1830
TCB,26.7453,-77.3913
TCC,35.1828,-103.6030
TCD,-2.8958,-69.7498
TCE,45.0625,28.7143
TCF,15.6597,-85.9942
TCG,46.6725,83.3408
TCH,-2.8885,10.9554
TCJ,-4.0165,143.1329
TCK,-4.0949,143.3838
TCL,33.2206,-87.6114
TCM,47.1377,-122.4760
TCN,18.4972,-97.4201
TCO,1.8144,-78.7492
TCP,29.5945,34.7758
TCQ,-18.0533,-70.2758
TCR,8.7242,78.0258
TCS,33.2369,-107.2720
TCT,62.9932,-156.0290
TCU,-29.3178,26.8228
TCW,-35.8117,145.6080
TCX,33.6678,56.8927
TCY,-19.9721,13.0255
TCZ,24.9381,98.4858
TDA,5.4328,-71.6625
TDB,-9.1586,148.0686
TDD,-14.8187,-64.9180
TDG,9.0720,126.1713
TDJ,11.7870,42.9174
TDK,45.1225,78.4428
TDL,-37.2346,-59.2286
TDN,-14.7906,126.4980
TDO,46.4772,-122.8060
TDP,-3.8060,-75.0393
TDR,-24.9868,150.0931
TDS,-7.6217,142.8680
TDT,-24.5255,31.2897
TDV,-21.7000,43.7330
TDW,35.1699,-101.8260
TDX,12.2746,102.3190
TDZ,41.5649,-83.4823
TEA,15.7759,-87.4758
TEB,40.8501,-74.0608
TEC,-24.3178,-50.6516
TED,57.0688,8.7052
TEE,35.4316,8.1207
TEF,-21.7150,122.2290
TEG,11.8011,-0.3714
TEH,63.1246,-142.5180
TEI,27.9412,96.1344
TEK,60.8714,-146.6903
TEL,5.6286,117.1260
TEM,-34.4214,147.5120
TEN,27.8833,109.3089
TEO,-8.1697,146.1944
TEP,-5.9553,146.5595
TEQ,41.1382,27.9191
TER,38.7618,-27.0908
TES,15.1043,36.6817
TET,-16.1048,33.6402
TEU,-45.5331,167.6500
TEV,40.4103,-1.2174
TEX,37.9538,-107.9080
TEY,65.8703,-23.5600
TEZ,26.7091,92.7847
TFB,-5.1172,141.4181
TFF,-3.3829,-64.7241
TFI,-9.0760,149.3198
TFL,-17.8923,-41.5136
TFM,-5.1261,141.6419
TFN,28.4828,-16.3417
TFS,28.0445,-16.5725
TFT,28.9642,61.5954
TFU,30.3125,104.4413
TFY,-5.2116,103.9365
TGA,1.3876,103.7083
TGB,8.7149,117.3526
TGC,2.1778,111.2020
TGD,42.3594,19.2519
TGG,5.3826,103.1030
TGH,-16.8911,168.5510
TGI,-9.2897,-76.0051
TGJ,-21.0964,167.8038
TGK,47.1983,38.8492
TGL,-11.3311,153.2029
TGM,46.4677,24.4125
TGN,-38.2110,146.4708
TGO,43.5567,122.2000
TGP,61.5897,89.9940
TGQ,-14.6620,-57.4437
TGR,33.0678,6.0887
TGS,-24.5206,32.9653
TGT,-5.0924,39.0712
TGU,14.0609,-87.2172
TGZ,16.5616,-93.0257
THA,35.3801,-86.2464
THB,-29.5228,28.6158
THC,6.0457,-8.1387
THD,19.9017,105.4678
THE,-5.0602,-42.8237
THG,-24.4949,150.5780
THI,18.4339,-9.4864
THK,17.3779,104.8574
THL,20.4838,99.9354
THM,47.5735,-115.2810
THN,58.3181,12.3450
THO,66.2185,-15.3347
THP,43.7136,-108.3897
THQ,34.5601,105.8603
THR,35.6892,51.3144
THS,17.2380,99.8182
THT,17.2316,-10.7792
THU,76.5306,-68.7005
THV,39.9170,-76.8730
THW,8.5600,81.2200
THX,65.7972,87.9353
THY,-23.0769,30.3836
THZ,14.8757,5.2654
TIA,41.4147,19.7206
TIB,8.6315,-72.7304
TIC,7.1218,171.9116
TID,35.3411,1.4631
TIE,7.2024,35.4150
TIF,21.4847,40.5441
TIH,-15.1196,-148.2310
TII,32.6042,65.8658
TIJ,32.5410,-116.9700
TIK,35.4147,-97.3866
TIL,51.0575,-113.6240
TIM,-4.5298,136.8874
TIN,27.7004,-8.1671
TIO,21.7000,94.1000
TIQ,14.9992,145.6194
TIR,13.6320,79.5399
TIU,-44.3028,171.2250
TIV,42.4047,18.7233
TIW,47.2674,-122.5773
TIX,28.5148,-80.7992
TIY,18.5701,-11.4235
TIZ,-5.8450,142.9480
TJA,-21.5557,-64.7013
TJB,1.0529,103.3915
TJC,9.4185,-78.4896
TJG,-2.2166,115.4360
TJH,35.5128,134.7870
TJI,15.9266,-85.9386
TJK,40.3247,36.3906
TJL,-20.7526,-51.6820
TJM,57.1790,65.3277
TJN,-15.8574,-142.2665
TJQ,-2.7441,107.7545
TJS,2.8381,117.3746
TJU,37.9881,69.8050
TJV,10.7238,79.1095
TKA,62.3205,-150.0940
TKB,-7.6808,146.5503
TKC,4.0892,9.3605
TKD,4.8961,-1.7748
TKE,57.7797,-135.2180
TKF,39.3186,-120.1406
TKG,-5.2468,105.1825
TKH,15.2773,100.2960
TKI,55.9371,-133.3270
TKJ,63.3295,-142.9540
TKK,7.4619,151.8430
TKL,58.4916,-133.9416
TKM,56.3617,114.9300
TKN,27.8364,128.8814
TKO,-29.2330,28.8830
TKP,-14.7095,-145.2460
TKQ,-4.8862,29.6709
TKR,26.0164,88.4021
TKS,34.1326,134.6078
TKT,16.8960,99.2533
TKU,60.5141,22.2628
TKV,-17.3552,-138.4473
TKW,-5.2437,142.1652
TKX,-14.4558,-145.0250
TKY,-17.0408,128.2060
TKZ,-38.2367,175.8920
TLA,65.2404,-166.3390
TLB,33.9861,72.6114
TLC,19.3369,-99.5658
TLD,-22.1919,29.1312
TLE,-23.3834,43.7285
TLF,63.3939,-153.2690
TLG,-9.1080,160.1492
TLH,30.4012,-84.3543
TLI,1.1234,120.7937
TLJ,62.8944,-155.9770
TLK,59.8764,111.0444
TLL,59.4132,24.8326
TLM,35.0127,-1.4571
TLN,43.0973,6.1460
TLO,-4.9808,152.0100
TLP,-4.7748,141.0133
TLQ,43.0308,89.0987
TLR,36.1563,-119.3260
TLS,43.6291,1.3638
TLT,61.0870,-160.9228
TLU,9.5094,-75.5854
TLV,32.0114,34.8867
TLW,-5.2726,150.0089
TLX,-35.3778,-71.6017
TLY,44.8150,136.2920
TLZ,-18.2168,-47.8997
TMA,31.4290,-83.4885
TMB,25.6479,-80.4328
TMC,-9.4092,119.2426
TMD,16.2337,-8.1635
TME,6.4511,-71.7603
TMF,2.2110,73.1533
TMG,5.4026,118.6576
TMH,-6.0967,140.3035
TMI,27.3150,87.1933
TMJ,37.2873,67.3119
TML,9.5539,-0.8661
TMM,-18.1135,49.3923
TMN,-2.4858,175.9700
TMO,7.2494,-61.5289
TMP,61.4141,23.6044
TMQ,14.7909,0.0395
TMR,22.8110,5.4508
TMS,0.3782,6.7122
TMT,-1.4896,-56.3968
TMU,9.7393,-85.0162
TMW,-31.0779,150.8455
TMX,29.2371,0.2760
TMY,-3.9256,138.4555
TMZ,-37.1567,175.5500
TNA,36.8572,117.2160
TNB,-1.8855,116.2568
TNC,65.5631,-167.9220
TND,21.7883,-79.9972
TNE,30.6051,130.9910
TNF,48.7519,2.1062
TNG,35.7317,-5.9215
TNH,42.0484,125.7340
TNI,24.5626,80.8529
TNJ,0.9240,104.5334
TNK,60.5696,-165.2466
TNL,49.5242,25.7001
TNM,-62.1910,-58.9867
TNN,22.9504,120.2060
TNO,10.3135,-85.8155
TNP,34.1339,-115.9473
TNQ,4.6984,-160.3944
TNR,-18.7969,47.4788
TNS,61.9569,-128.2030
TNT,25.8618,-80.8970
TNU,41.6744,-93.0217
TNV,3.8994,-159.3890
TNW,-1.0602,-77.5805
TNZ,48.7389,98.2941
TOA,33.8034,-118.3400
TOB,31.8610,23.9070
TOC,34.5938,-83.2958
TOD,2.8182,104.1600
TOE,33.9397,8.1106
TOF,56.3803,85.2083
TOG,59.0528,-160.3970
TOH,-13.3280,166.6380
TOI,31.8604,-86.0121
TOJ,40.4879,-3.4568
TOK,-6.2015,155.0630
TOL,41.5868,-83.8078
TOM,16.7305,-3.0076
TON,-6.6552,155.4326
TOO,8.8270,-82.9589
TOP,39.0699,-95.6226
TOQ,-22.1411,-70.0629
TOR,42.0645,-104.1530
TOS,69.6833,18.9189
TOT,5.8658,-56.3275
TOU,-20.7901,165.2595
TOV,18.4500,-64.5833
TOW,-24.6863,-53.6975
TOX,58.1358,68.2319
TOY,36.6484,137.1874
TOZ,8.2934,-7.6740
TPA,27.9755,-82.5332
TPC,-0.1230,-76.3378
TPE,25.0777,121.2330
TPF,27.9156,-82.4493
TPG,4.8664,100.7154
TPH,38.0602,-117.0870
TPI,-8.3567,146.9892
TPJ,27.3509,87.6953
TPK,3.1690,97.2883
TPL,31.1525,-97.4078
TPN,-0.7761,-75.5264
TPP,-6.5087,-76.3732
TPQ,21.4198,-104.8425
TPR,-22.7460,117.8690
TPS,37.9114,12.4880
TPT,6.4948,-8.8730
TPU,28.5219,81.1230
TPX,-16.2423,-151.8338
TQA,73.3731,-56.0603
TQD,33.3381,43.5971
TQI,65.8920,-37.7834
TQL,64.9305,77.8113
TQN,36.7707,69.5320
TQO,20.1721,-87.6603
TQP,-21.8350,140.8880
TQQ,-5.7664,123.9187
TQR,42.1178,15.4907
TQS,0.7459,-75.2340
TRA,24.6538,124.6755
TRB,8.0719,-76.7401
TRC,25.5623,-103.4046
TRD,63.4578,10.9240
TRE,56.4992,-6.8692
TRF,59.1867,10.2586
TRG,-37.6719,176.1960
TRH,35.8125,-117.3270
TRI,36.4752,-82.4074
TRJ,-5.6140,141.0421
TRK,3.3251,117.5642
TRL,32.7092,-96.2674
TRM,33.6267,-116.1600
TRN,45.2008,7.6496
TRO,-31.8886,152.5140
TRQ,-8.1555,-70.7830
TRR,8.5392,81.1813
TRS,45.8279,13.4667
TRT,-3.1844,119.9191
TRU,-8.0824,-79.1088
TRV,8.4819,76.9200
TRW,1.3816,173.1470
TRX,40.0835,-93.5906
TRY,0.6830,34.1670
TRZ,10.7629,78.7177
TSA,25.0672,121.5528
TSB,-19.2621,17.7325
TSC,-2.3817,-77.5028
TSD,-22.6193,30.1756
TSF,45.6484,12.1944
TSG,63.3744,-143.3360
TSH,-6.4383,20.7947
TSI,-6.8498,146.3554
TSJ,34.2849,129.3310
TSL,22.0383,-98.8065
TSM,36.4525,-105.6775
TSN,39.1244,117.3460
TSP,35.1350,-118.4390
TSQ,-29.4149,-49.8100
TSR,45.8099,21.3379
TSS,40.7424,-73.9721
TST,7.5087,99.6166
TSU,-1.4744,175.0640
TSV,-19.2529,146.7665
TSW,-7.0695,146.1272
TSY,-7.3480,108.2470
TSZ,47.4615,101.4838
TTA,28.4476,-11.1617
TTC,-25.5643,-70.3759
TTD,45.5494,-122.4010
TTE,0.8310,127.3816
TTG,-22.6169,-63.7930
TTH,17.6660,54.0246
TTI,-17.0151,-149.5894
TTJ,35.5301,134.1650
TTL,-16.9660,177.3680
TTM,5.7267,-72.1006
TTN,40.2767,-74.8135
TTO,45.8152,-97.7431
TTQ,10.5690,-83.5149
TTR,-3.0447,119.8220
TTS,-16.7511,47.6190
TTT,22.7549,121.1018
TTU,35.5943,-5.3200
TTW,6.2876,81.2906
TTX,-14.0897,126.3810
TUA,0.8095,-77.7081
TUB,-23.3654,-149.5240
TUC,-26.8374,-65.1042
TUD,13.7368,-13.6531
TUF,47.4322,0.7276
TUG,17.6434,121.7332
TUH,35.3926,-86.0858
TUI,31.6922,38.7315
TUJ,6.2600,35.5184
TUK,25.9848,63.0289
TUL,36.1971,-95.8862
TUM,-35.2683,148.2405
TUN,36.8510,10.2272
TUO,-38.7397,176.0840
TUP,34.2681,-88.7699
TUQ,13.0591,-3.0773
TUR,-3.7860,-49.7203
TUS,32.1150,-110.9381
TUU,28.3711,36.6249
TUV,9.0890,-62.0942
TUW,8.9186,-77.7092
TUX,55.0250,-120.9350
TUY,20.2273,-87.4382
TVA,-17.8501,44.9205
TVC,44.7414,-85.5822
TVF,48.0657,-96.1850
TVI,30.9016,-83.8813
TVL,38.8939,-119.9950
TVS,39.7178,118.0026
TVT,41.3129,69.3955
TVU,-16.6906,-179.8770
TVY,14.1039,98.2036
TWA,59.0747,-160.2750
TWB,-27.5434,151.9191
TWC,39.8867,79.2334
TWD,48.0538,-122.8110
TWE,65.6793,-164.7990
TWF,42.4818,-114.4880
TWH,33.4322,-118.5086
TWP,-17.3633,143.7500
TWT,5.0482,119.7433
TWU,4.3134,118.1215
TWY,-7.4463,146.1067
TWZ,-44.2350,170.1180
TXC,54.4400,30.2967
TXE,4.7211,96.8519
TXF,-17.5244,-39.6685
TXK,33.4537,-93.9910
TXM,-1.4454,132.0211
TXN,29.7333,118.2560
TXR,-25.8478,141.9280
TXU,4.4378,-7.3627
TYA,54.2390,37.6000
TYB,-29.4511,142.0580
TYC,37.5031,112.4241
TYD,55.2849,124.7790
TYE,61.0766,-151.1314
TYF,60.1576,12.9913
TYG,-26.0930,143.4514
TYL,-4.5766,-81.2541
TYM,24.1691,-76.4391
TYN,37.7469,112.6280
TYP,-22.2558,137.9530
TYR,32.3541,-95.4024
TYS,35.8110,-83.9940
TYT,-33.1957,-54.3472
TYZ,34.4528,-110.1150
TZA,17.5172,-88.1958
TZC,43.4588,-83.4455
TZL,44.4599,18.7236
TZM,21.1557,-88.1729
TZN,24.1587,-77.5898
TZO,-18.3451,45.0156
TZX,40.9951,39.7897
UAB,37.0021,35.4259
UAC,32.4453,-114.7980
UAE,-6.2300,144.6642
UAH,-8.9362,-139.5541
UAI,-9.3019,125.2863
UAK,61.1596,-45.4247
UAL,-10.7158,22.2311
UAM,13.5840,144.9300
UAP,-9.3517,-140.0780
UAQ,-31.5715,-68.4182
UAR,32.5143,-1.9831
UAS,0.5341,37.5320
UAX,17.3939,-89.6327
UBA,-19.7650,-47.9648
UBB,-9.9502,142.1952
UBI,-6.7292,155.6833
UBJ,33.9300,131.2790
UBN,47.6469,106.8198
UBP,15.2513,104.8700
UBS,33.4654,-88.3803
UBT,-23.4411,-45.0758
UBU,-14.2878,126.6332
UCB,41.1303,113.1073
UCC,36.9347,-116.0060
UCE,30.4663,-92.4238
UCK,50.6784,25.4872
UCN,5.9055,-10.0583
UCT,63.5669,53.8047
UCY,36.3818,-88.9854
UCZ,-8.4670,-76.3500
UDA,-18.1913,144.6122
UDD,33.7485,-116.2750
UDE,51.6572,5.7078
UDI,-18.8836,-48.2259
UDJ,48.6343,22.2634
UDR,24.6177,73.8961
UEE,-42.0757,145.5301
UEL,-17.8555,36.8691
UEN,65.9600,78.4370
UEO,26.3634,126.7138
UES,43.0410,-88.2371
UET,30.2514,66.9378
UFA,54.5575,55.8744
UGA,48.8550,103.4760
UGB,57.4241,-157.7448
UGC,41.5827,60.6434
UGI,57.7304,-153.3210
UGL,-79.7778,-83.3208
UGN,42.4222,-87.8679
UGO,-7.6031,15.0278
UGS,57.5235,-157.3963
UGT,43.7492,104.1147
UGU,-3.7395,137.0312
UHE,49.0294,17.4397
UHS,50.8771,142.1756
UIB,5.6908,-76.6412
UIH,13.9550,109.0420
UII,16.1131,-86.8803
UIK,58.1354,102.5561
UIL,47.9366,-124.5630
UIN,39.9427,-91.1946
UIO,-0.1254,-78.3543
UIP,47.9730,-4.1697
UIR,-31.4982,150.5217
UIT,5.9092,169.6373
UJE,8.9281,165.7620
UJN,36.7770,129.4619
UJU,40.1500,124.5011
UKA,-4.2933,39.5711
UKB,34.6328,135.2240
UKE,20.0978,83.1833
UKG,70.0110,135.6450
UKH,19.3864,56.4014
UKI,39.1260,-123.2010
UKK,50.0350,82.4961
UKN,43.2805,-91.4695
UKR,13.9368,45.6570
UKS,44.6918,33.5746
UKT,40.4352,-75.3819
UKU,-3.6768,142.4849
UKX,56.8567,105.7300
ULA,-49.3068,-67.8026
ULB,-16.3297,168.3011
ULD,-28.3206,31.4165
ULE,-4.9747,151.2970
ULG,48.9933,89.9225
ULH,26.4836,38.1170
ULI,10.0198,139.7900
ULK,60.7236,114.8253
ULM,44.3196,-94.5023
ULN,47.8431,106.7670
ULO,50.0666,91.9383
ULP,-26.6092,144.2537
ULQ,4.0884,-76.2351
ULS,8.6402,-76.7188
ULU,2.8056,32.2718
ULV,54.2702,48.2256
ULX,-24.7854,31.3549
ULY,54.4010,48.8027
ULZ,47.7093,96.5258
UMA,20.2424,-74.1483
UMB,-12.2536,25.4443
UMC,-7.0214,145.9660
UMD,70.6804,-52.1116
UME,63.7918,20.2828
UMI,-13.2314,-70.7515
UMM,63.3315,-149.1270
UMR,-31.1442,136.8170
UMS,60.3574,134.4373
UMT,69.3711,-152.1360
UMU,-23.7987,-53.3138
UMY,50.8583,34.7625
UMZ,34.5454,-94.2027
UNA,-15.3544,-38.9987
UNC,8.0327,-77.0918
UND,36.6651,68.9108
UNE,-30.1117,28.6719
UNG,-6.1257,141.2820
UNI,12.6001,-61.4119
UNK,63.8884,-160.7990
UNN,9.7776,98.5855
UNR,47.3049,110.6092
UNU,43.4266,-88.7032
UOA,-21.8098,-138.8134
UOL,1.1023,121.4134
UOS,35.2048,-85.8991
UOX,34.3843,-89.5368
UPB,23.0328,-82.5794
UPG,-5.0755,119.5537
UPL,10.8922,-85.0162
UPN,19.3967,-102.0390
UPP,20.2653,-155.8600
UPR,-8.5411,142.6503
UPV,51.2866,-1.7822
URA,51.1520,51.5437
URC,43.9136,87.4794
URD,49.7942,11.1336
URE,58.2299,22.5095
URG,-29.7822,-57.0382
URI,3.2375,-74.3472
URJ,60.1033,64.8267
URM,5.3581,-62.6716
URN,32.9311,69.1532
URO,49.3849,1.1791
URR,6.3288,-76.1425
URS,51.7506,36.2956
URT,9.1326,99.1356
URU,-9.5162,148.5591
URY,31.4124,37.2789
URZ,32.9030,66.6309
USA,35.3878,-80.7091
USC,34.6870,-81.6411
USH,-54.8433,-68.2958
USI,8.2002,-59.7780
USJ,46.1908,80.8309
USK,66.0047,57.3672
USL,-26.1579,113.3948
USM,9.5478,100.0620
USN,35.5935,129.3520
USQ,38.6815,29.4717
USR,64.5500,143.1150
USS,21.9704,-79.4427
UST,29.9592,-81.3398
USU,12.1219,120.1008
UTA,-18.9975,32.6272
UTB,-22.5833,144.5330
UTD,-15.8074,134.1459
UTE,-28.2734,26.1358
UTG,-30.4075,27.6933
UTH,17.3862,102.7886
UTI,60.8964,26.9384
UTK,11.2222,169.8514
UTM,34.6850,-90.3478
UTN,-28.4002,21.2636
UTO,65.9928,-153.7040
UTP,12.6799,101.0050
UTS,65.4373,52.2003
UTT,-31.5464,28.6734
UTU,9.1283,-77.9337
UTW,-31.9202,26.8822
UUA,54.6412,52.8002
UUD,51.8086,107.4397
UUK,70.3308,-149.5980
UUN,46.6603,113.2850
UUS,46.8855,142.7175
UUU,-9.0746,147.5735
UVA,29.2113,-99.7436
UVE,-20.6409,166.5730
UVF,13.7332,-60.9526
UVI,-26.2332,-51.0668
UVL,25.4715,30.5885
UVO,-6.0178,150.9557
UWA,42.2820,-72.2148
UYL,12.0535,24.9562
UYN,38.3597,109.5909
UYU,-20.4413,-66.8576
UZC,43.8989,19.6977
UZM,68.1560,-106.6180
UZR,47.0918,81.6682
UZU,-29.7706,-57.9789
VAA,63.0502,21.7625
VAB,0.6118,-69.2074
VAC,52.9083,8.0406
VAD,30.9678,-83.1930
VAF,44.9216,4.9699
VAG,-21.5914,-45.4741
VAH,-18.4825,-64.0994
VAI,-2.6926,141.3028
VAK,61.5409,-165.6005
VAL,-13.2965,-38.9924
VAM,3.4718,72.8326
VAN,38.4682,43.3323
VAO,-7.5856,158.7310
VAP,-33.0681,-71.5575
VAQ,60.3562,102.3096
VAR,43.2321,27.8251
VAS,39.8138,36.9035
VAT,-19.3833,48.9500
VAV,-18.5853,-173.9620
VAW,70.3554,31.0449
VBA,19.7692,94.0261
VBC,21.9405,96.0896
VBG,34.7373,-120.5840
VBP,11.1494,98.7359
VBS,45.4289,10.3306
VBV,-17.2690,-178.9760
VBY,57.6628,18.3462
VCA,10.0834,105.7094
VCC,-28.4325,-51.0233
VCD,-16.4021,131.0050
VCE,45.5053,12.3519
VCF,-40.7000,-66.1500
VCH,-31.7392,-54.5878
VCL,15.4033,108.7060
VCP,-23.0074,-47.1345
VCS,8.7318,106.6330
VCT,28.8526,-96.9185
VCV,34.5975,-117.3830
VDA,29.9403,34.9358
VDC,-14.9079,-40.9148
VDE,27.8148,-17.8871
VDH,17.5150,106.5906
VDI,32.1927,-82.3712
VDM,-40.8692,-63.0004
VDO,21.1207,107.4154
VDP,9.2220,-65.9936
VDR,-31.9452,-65.1463
VDS,70.0653,29.8447
VDY,15.1759,76.6330
VDZ,61.1327,-146.2466
VEE,67.0087,-146.3660
VEG,4.8982,-59.8170
VEL,40.4362,-109.5117
VEO,60.3733,93.0117
VER,19.1396,-96.1886
VEV,-7.9128,156.7060
VEX,48.3805,-102.8980
VEY,63.4243,-20.2789
VFA,-18.0974,25.8369
VGA,16.5300,80.8049
VGD,59.2825,39.9444
VGO,42.2318,-8.6268
VGS,-34.9957,-62.9997
VGT,36.2091,-115.1940
VGZ,0.9788,-76.6056
VHC,-9.6891,20.4319
VHM,64.5791,16.8336
VHN,31.0578,-104.7840
VHV,63.4581,120.2692
VHY,46.1697,3.4036
VHZ,-18.7807,-138.8557
VIA,-26.9997,-51.1419
VIE,48.1103,16.5697
VIG,8.6241,-71.6727
VIH,38.1274,-91.7695
VII,18.7376,105.6710
VIJ,18.4466,-64.4279
VIL,23.7183,-15.9320
VIN,49.2425,28.6138
VIP,46.8432,6.9151
VIQ,-8.8838,126.3730
VIR,-29.7706,31.0584
VIS,36.3187,-119.3930
VIT,42.8828,-2.7245
VIU,-8.5085,157.6900
VIV,-9.3033,150.3189
VIX,-20.2580,-40.2850
VIY,48.7744,2.2031
VJB,-24.8929,33.7530
VJI,36.6871,-82.0333
VJQ,-15.5062,36.9904
VKG,9.9580,105.1324
VKO,55.5915,37.2615
VKS,32.2393,-90.9284
VKT,67.4886,63.9931
VKV,64.4417,40.4217
VLA,38.9915,-89.1662
VLC,39.4892,-0.4810
VLD,30.7825,-83.2767
VLE,35.6506,-112.1480
VLG,-37.2354,-57.0292
VLI,-17.6993,168.3200
VLL,41.7061,-4.8519
VLM,-21.2552,-63.4056
VLN,10.1497,-67.9284
VLP,-9.9811,-51.1404
VLR,-28.5964,-70.7560
VLS,-16.7961,168.1770
VLU,56.3811,30.6078
VLV,9.3405,-70.5841
VLY,53.2481,-4.5353
VME,-33.7299,-65.3874
VMI,-22.1594,-57.9424
VMU,-7.4970,144.8218
VNA,15.7090,106.4109
VNC,27.0705,-82.4408
VND,-23.3508,47.5817
VNE,47.7233,-2.7186
VNO,54.6341,25.2858
VNR,-16.9615,141.9523
VNS,25.4522,82.8625
VNT,57.3578,21.5442
VNX,-22.0184,35.3133
VNY,34.2098,-118.4900
VOD,50.2166,14.3958
VOG,48.7813,44.3392
VOH,-13.3758,50.0028
VOI,8.3235,-9.7692
VOK,43.9390,-90.2534
VOL,39.2196,22.7943
VOT,-20.4584,-50.0031
VOZ,51.8143,39.2309
VPE,-17.0435,15.6838
VPG,-3.8084,39.7972
VPN,65.7206,-14.8506
VPS,30.4813,-86.5158
VPY,-19.1513,33.4290
VPZ,41.4540,-87.0071
VQQ,30.2187,-81.8767
VQS,18.1348,-65.4936
VRA,23.0344,-81.4353
VRB,27.6556,-80.4179
VRC,13.5764,124.2060
VRE,-31.6410,18.5448
VRI,68.8485,58.2014
VRK,62.1711,27.8686
VRL,41.2743,-7.7205
VRN,45.3950,10.8873
VRO,23.1240,-81.3016
VRS,38.4278,-92.8752
VRU,-26.9824,24.7288
VRY,67.6546,12.7273
VRZ,-21.2406,-44.9639
VSA,17.9943,-92.8182
VSE,40.7255,-7.8890
VSF,43.3436,-72.5173
VST,59.5894,16.6336
VSV,27.4997,82.0329
VTB,55.1265,30.3496
VTE,17.9851,102.5667
VTF,-18.5125,177.6390
VTG,10.3751,107.0962
VTM,31.2083,35.0123
VTN,42.8562,-100.5492
VTU,20.9876,-76.9358
VTZ,17.9715,83.5036
VUP,10.4350,-73.2495
VUS,60.7883,46.2600
VUU,-14.8386,35.3014
VVB,-19.8330,48.8000
VVC,4.1679,-73.6138
VVI,-17.6448,-63.1354
VVK,57.7800,16.5236
VVN,-11.8549,-72.9393
VVO,43.3963,132.1482
VVZ,26.7235,8.6227
VXC,-13.2740,35.2663
VXE,16.8334,-25.0553
VXO,56.9291,14.7280
VYD,-27.7869,30.7964
VYI,63.7567,121.6933
VYS,41.3519,-89.1531
WAA,65.6226,-168.0950
WAD,-17.6310,47.7233
WAE,20.5043,45.1996
WAF,32.3047,69.5704
WAG,-39.9635,175.0244
WAH,46.2441,-96.6074
WAI,-14.8988,47.9939
WAJ,-6.9523,142.6557
WAK,-22.2964,44.5315
WAL,37.9408,-75.4623
WAM,-17.7954,48.4426
WAO,-6.9894,145.0751
WAP,-43.6115,-71.8055
WAQ,-18.7013,44.6149
WAT,52.1872,-7.0870
WAU,-20.6406,134.2153
WAV,-17.3933,131.1180
WAW,52.1657,20.9671
WAX,32.9523,12.0155
WAY,39.9011,-80.1307
WAZ,-28.1494,151.9430
WBA,-2.8114,129.4840
WBB,63.5160,-162.2780
WBC,-9.3376,150.5093
WBD,-15.2000,48.4830
WBE,-14.5443,48.6914
WBG,54.4593,9.5163
WBK,44.2448,-84.1798
WBM,-5.6353,143.8922
WBO,-21.6070,45.1360
WBQ,66.3622,-147.4070
WBR,43.7226,-85.5041
WBU,40.0391,-105.2260
WBW,41.2972,-75.8512
WCA,-42.4903,-73.7728
WCD,-30.1736,122.3222
WCH,-42.7819,-72.8350
WCR,67.5045,-148.4830
WDA,14.8596,45.5457
WDB,0.4679,127.9482
WDG,36.3792,-97.7911
WDH,-22.4799,17.4709
WDI,-26.2774,151.8617
WDN,48.7114,-123.0182
WDR,33.9829,-83.6674
WDS,32.5929,110.9063
WEA,32.7463,-97.6824
WED,-10.0954,150.0826
WEF,36.6467,119.1190
WEH,37.1871,122.2290
WEI,-12.6775,141.9226
WEL,-27.9968,26.6633
WEP,-8.6184,141.1381
WET,-4.0592,136.2817
WEW,-30.2583,149.4080
WFB,55.3499,-131.6770
WFI,-21.4416,47.1117
WFK,47.2855,-68.3128
WGA,-35.1635,147.4683
WGB,29.9463,73.2491
WGC,17.9144,79.6022
WGE,-30.0328,148.1260
WGN,26.8061,110.6410
WGO,39.1435,-78.1444
WGP,-9.6692,120.3020
WGT,-36.4179,146.3069
WHA,31.1045,118.6669
WHB,-22.4284,116.8879
WHD,55.9033,-130.0100
WHF,21.8027,31.5216
WHK,-37.9222,176.9170
WHL,-38.6824,146.4453
WHN,30.2552,114.0628
WHO,-43.3631,170.1340
WHP,34.2593,-118.4130
WHS,60.3768,-0.9272
WHT,29.2543,-96.1544
WHU,31.3906,118.4090
WIB,34.2257,-99.2838
WIC,58.4589,-3.0931
WIE,50.0498,8.3254
WIK,-36.8089,175.0860
WIL,-1.3217,36.8148
WIN,-22.3636,143.0860
WIO,-31.5221,143.3784
WIR,-39.0119,177.4044
WIU,-4.6895,149.4401
WJA,7.4508,168.5500
WJF,34.7411,-118.2190
WJR,1.7332,40.0916
WJU,37.4371,127.9601
WKA,-44.7221,169.2463
WKB,-36.3211,142.4190
WKF,-25.8300,28.2225
WKI,-18.3630,26.5198
WKJ,45.4042,141.8010
WKK,59.2826,-158.6180
WKL,19.9205,-155.8606
WKN,-5.8603,155.2223
WKR,27.2597,-78.4005
WLA,-19.7736,120.6490
WLC,-31.0095,151.5474
WLD,37.1686,-97.0376
WLE,-26.8064,150.1690
WLG,-41.3268,174.8069
WLH,-15.4120,167.6910
WLK,66.6001,-159.9860
WLL,-17.2199,137.9345
WLO,-16.6300,129.3200
WLP,-23.1356,118.7072
WLR,55.6013,-131.6370
WLS,-13.2394,-176.1986
WLU,-6.4752,143.9872
WLW,39.5164,-122.2180
WMA,-15.8460,48.8347
WMB,-38.2953,142.4470
WMC,40.8966,-117.8060
WMD,-21.0463,44.9404
WME,-27.2873,120.5549
WMH,36.3689,-92.4705
WMI,52.4511,20.6518
WMK,55.7396,-132.2550
WML,-20.3554,45.5434
WMN,-15.4377,49.6891
WMO,64.6892,-163.4130
WMP,-16.0719,47.6430
WMR,-16.1639,49.7738
WMT,27.9618,106.4354
WMX,-4.0973,138.9524
WNA,60.6903,-161.9790
WND,-28.4806,122.2444
WNH,23.5583,104.3255
WNI,-5.2921,123.6362
WNN,52.8939,-89.2892
WNP,13.5849,123.2700
WNR,-25.4106,142.6684
WNS,26.2194,68.3901
WNU,-4.8961,145.3213
WNZ,27.9106,120.8535
WOA,-6.7969,145.8919
WOE,51.4491,4.3420
WOK,4.9840,-61.7301
WOL,-34.5611,150.7890
WON,-18.5750,140.8920
WOS,39.1652,127.4879
WOT,23.3691,119.5036
WOW,61.7542,-150.0520
WPA,-45.3992,-72.6703
WPB,-15.5843,47.6236
WPC,49.5204,-113.9970
WPK,-16.6589,143.9993
WPL,49.8873,-124.5337
WPM,-8.7882,142.8820
WPO,38.8314,-107.6458
WPR,-53.2537,-70.3192
WPU,-54.9311,-67.6263
WRA,6.9724,45.3334
WRB,32.6401,-83.5919
WRE,-35.7693,174.3637
WRG,56.4843,-132.3700
WRH,46.0176,85.6574
WRI,40.0156,-74.5917
WRL,43.9657,-107.9510
WRN,-30.0323,119.3865
WRO,51.1037,16.8821
WRT,53.7451,-2.8831
WRW,-20.8442,120.7020
WRY,59.3505,-2.9501
WRZ,6.2545,81.2352
WSA,-8.2836,142.8697
WSB,55.5327,-133.6382
WSF,54.5839,-164.9057
WSG,40.1365,-80.2902
WSH,40.8219,-72.8694
WSI,-33.8835,150.7130
WSK,31.0690,109.7090
WSM,67.4046,-150.1230
WSN,58.7024,-157.0054
WSO,5.2153,-57.1853
WSP,14.7392,-83.9694
WSR,-2.7204,134.5059
WST,41.3496,-71.8034
WSU,-5.9617,147.1982
WSX,48.6179,-122.9569
WSY,-20.2761,148.7550
WSZ,-41.7371,171.5790
WTA,-17.4761,43.9728
WTB,-27.5583,151.7933
WTD,26.6853,-78.9750
WTE,9.4583,170.2386
WTK,67.5612,-162.9805
WTL,60.3512,-162.6545
WTN,53.1662,-0.5238
WTO,10.1733,166.0030
WTP,-8.5458,147.2525
WTR,33.8102,-109.9866
WTS,-18.7597,46.0541
WTT,-6.1325,146.4678
WTZ,-36.8287,175.6828
WUA,39.7934,106.7993
WUD,-33.0433,135.4470
WUG,-7.3456,146.7186
WUH,30.7748,114.2137
WUI,-28.7053,121.8910
WUM,-6.0491,149.3370
WUN,-26.6327,120.2219
WUS,27.7019,118.0010
WUT,38.5975,112.9692
WUU,7.7258,27.9750
WUV,-1.7361,142.8367
WUX,31.4970,120.4304
WUZ,23.4032,111.0933
WVB,-22.9793,14.6471
WVI,36.9357,-121.7900
WVK,-22.1197,48.0217
WVL,44.5332,-69.6755
WVN,53.5022,8.0522
WWA,61.5717,-149.5400
WWD,39.0085,-74.9083
WWI,-21.6455,121.1912
WWK,-3.5838,143.6690
WWP,56.1163,-133.1220
WWR,36.4380,-99.5227
WWT,60.8104,-164.4995
WWY,-33.9372,147.1910
WXN,30.8017,108.4330
WYA,-33.0589,137.5140
WYB,55.9163,-131.8010
WYE,8.6105,-11.0454
WYN,-15.5114,128.1530
WYS,44.6884,-111.1180
WZA,10.0827,-2.5077
WZQ,41.4603,108.5391
XAI,32.5408,114.0791
XAL,27.0390,-108.9490
XAP,-27.1342,-52.6566
XAR,14.2170,-0.8830
XAU,3.6136,-53.2042
XBB,49.7940,-124.6211
XBE,53.9656,-91.0272
XBG,12.9830,-0.1670
XBJ,32.8965,59.2813
XBN,-9.6425,149.3039
XBO,12.6500,-0.5670
XBR,44.6394,-75.7503
XCH,-10.4504,105.6911
XCL,58.3911,-109.5160
XCM,42.3064,-82.0819
XCO,-38.2867,143.6800
XCR,48.7733,4.2061
XDE,10.9500,-3.2500
XDJ,14.1250,-1.6247
XEN,40.5803,120.7004
XEQ,60.1943,-44.8134
XES,42.6149,-88.3896
XFN,32.1522,112.2917
XFT,24.7237,-81.3879
XFW,53.5353,9.8356
XGA,10.3841,-3.1635
XGG,14.4542,-0.2186
XGN,-16.7554,14.9653
XGR,58.7114,-65.9928
XIC,27.9891,102.1840
XIE,19.6203,100.8153
XIG,-7.0906,-49.9765
XIJ,28.9348,47.7919
XIL,43.9156,115.9640
XIN,24.1492,115.7580
XIQ,69.0809,-51.1143
XIY,34.4422,108.7624
XJD,25.1173,51.3150
XJM,33.0501,73.6384
XKA,12.4640,1.4929
XKH,19.4500,103.1580
XKS,53.5247,-88.6428
XKY,13.0774,-1.1003
XLB,58.6143,-101.4690
XLS,16.0498,-16.4610
XLU,11.1000,-2.1000
XMA,7.7538,125.0333
XMC,-37.5983,149.7200
XMD,44.0160,-97.0859
XMG,28.9632,80.1479
XMH,-14.4368,-146.0700
XMI,-10.7330,38.7670
XML,-34.7438,137.5291
XMN,24.5439,118.1275
XMP,63.1811,-130.2020
XMS,-2.2992,-78.1208
XMY,-9.8992,142.7743
XNA,36.2819,-94.3068
XNH,30.9358,46.0901
XNN,36.5277,102.0402
XNT,36.8831,114.4293
XNU,12.7500,-3.8670
XPA,11.2500,0.7000
XPK,55.7492,-101.2660
XPL,14.3824,-87.6212
XPP,52.9965,-97.2742
XPR,43.0209,-102.5061
XQP,9.4432,-84.1298
XQU,49.3375,-124.3931
XRH,-33.6047,150.7831
XRQ,48.5756,116.9394
XRR,61.9706,-132.4230
XRY,36.7446,-6.0601
XSB,24.2836,52.5803
XSC,21.5157,-71.5285
XSD,37.7988,-116.7810
XSE,13.4500,0.5170
XSI,56.7928,-98.9072
XSO,7.7100,122.1620
XSP,1.4156,103.8667
XTG,-27.9864,143.8121
XTL,58.7063,-98.5111
XTO,-25.8017,149.9000
XTR,-27.1631,150.4764
XUZ,34.0591,117.5553
XWA,48.2609,-103.7512
XYA,-9.0928,159.2184
XYE,15.3014,97.8643
XYR,-3.8840,141.7922
XZA,11.1670,-0.6170
XZM,22.1962,113.5594
YAA,52.4515,-125.3038
YAB,73.0061,-85.0462
YAC,51.7272,-91.8244
YAE,60.2550,90.1950
YAG,48.6557,-93.4435
YAH,53.7547,-73.6753
YAI,-36.5825,-72.0314
YAJ,48.7953,-123.1818
YAK,59.5087,-139.6604
YAL,50.5822,-126.9160
YAM,46.4832,-84.5085
YAN,0.7830,24.4670
YAO,3.8360,11.5235
YAP,9.4989,138.0830
YAQ,48.8167,-123.6084
YAR,53.5717,-76.1964
YAS,-16.7589,177.5450
YAT,52.9275,-82.4319
YAU,61.6622,-73.3214
YAV,48.8522,-123.3020
YAX,53.8492,-89.5794
YAY,51.3919,-56.0832
YAZ,49.0798,-125.7756
YBA,51.2082,-115.5406
YBB,68.5357,-89.8055
YBC,49.1325,-68.2044
YBE,59.5614,-108.4810
YBF,48.8360,-125.1375
YBG,48.3301,-70.9920
YBH,50.9179,-127.9372
YBI,53.4698,-55.7875
YBJ,50.2837,-62.8100
YBK,64.2989,-96.0778
YBL,49.9508,-125.2710
YBO,56.9667,-130.2500
YBP,28.8584,104.5262
YBQ,48.9700,-123.6640
YBR,49.9100,-99.9519
YBS,52.6067,-90.3769
YBT,57.8894,-101.6790
YBV,52.3589,-97.0183
YBW,48.7500,-123.2330
YBX,51.4436,-57.1853
YBY,54.3042,-110.7440
YCA,49.6792,-124.9806
YCB,69.1081,-105.1380
YCC,45.0926,-74.5677
YCD,49.0550,-123.8699
YCE,43.2856,-81.5083
YCF,50.0630,-124.9300
YCG,49.2964,-117.6320
YCH,47.0078,-65.4492
YCK,67.0202,-126.1284
YCL,47.9908,-66.3303
YCM,43.1916,-79.1717
YCN,49.1056,-81.0136
YCO,67.8164,-115.1431
YCQ,55.6872,-121.6270
YCR,54.6098,-97.7624
YCS,63.3469,-90.7311
YCT,52.0750,-111.4450
YCU,35.1178,111.0340
YCW,49.1532,-121.9393
YCY,70.4861,-68.5167
YCZ,50.3311,-115.8737
YDA,64.0431,-139.1280
YDB,61.3711,-139.0410
YDC,53.2658,-114.9600
YDF,49.2082,-57.3961
YDG,44.5458,-65.7854
YDJ,58.6625,-103.5380
YDL,58.4222,-130.0320
YDN,51.1008,-100.0520
YDO,48.7785,-72.3750
YDP,56.5508,-61.6822
YDQ,55.7412,-120.1833
YDT,49.0743,-123.0069
YDU,60.2919,-102.5020
YDV,51.7846,-96.6923
YDW,60.3157,-103.1313
YEB,46.4212,-84.0965
YEC,36.6304,128.3497
YEG,53.3097,-113.5800
YEH,38.5881,106.5398
YEI,40.2552,29.5626
YEK,61.0942,-94.0708
YEL,46.3514,-82.5614
YEM,45.8424,-81.8576
YEN,49.2103,-102.9660
YEO,51.0094,-2.6388
YEQ,-5.1097,143.9177
YER,56.0189,-87.6761
YES,30.7022,51.5430
YET,53.5789,-116.4650
YEU,79.9947,-85.8142
YEV,68.3042,-133.4830
YEY,48.5639,-78.2497
YFA,52.2035,-81.6952
YFB,63.7564,-68.5558
YFC,45.8687,-66.5299
YFE,48.7461,-69.0972
YFG,54.5539,-71.1733
YFH,51.5619,-87.9078
YFI,57.2758,-110.9767
YFJ,64.1908,-114.0770
YFL,62.7000,-109.1670
YFO,54.6781,-101.6820
YFR,61.1808,-113.6900
YFS,61.7602,-121.2370
YFX,52.3728,-55.6739
YGA,29.3567,106.0104
YGB,49.6943,-124.5181
YGE,50.0994,-125.0235
YGG,48.8545,-123.4969
YGH,66.2407,-128.6478
YGJ,35.4922,133.2360
YGK,44.2253,-76.5969
YGL,53.6253,-77.7042
YGM,50.6281,-97.0433
YGN,50.8390,-126.7750
YGO,54.5577,-94.4901
YGP,48.7749,-64.4819
YGQ,49.7783,-86.9394
YGR,47.4252,-61.7786
YGT,69.3647,-81.8161
YGV,50.2819,-63.6114
YGW,55.2819,-77.7653
YGX,56.3571,-94.7115
YGZ,76.4258,-82.9086
YHA,52.5281,-56.2861
YHB,52.8167,-102.3110
YHC,51.6697,-128.0818
YHD,49.8317,-92.7442
YHE,49.3689,-121.4950
YHF,49.7142,-83.6861
YHG,52.7658,-56.1124
YHH,50.0500,-125.2500
YHI,70.7628,-117.8060
YHJ,28.7010,116.1077
YHK,68.6356,-95.8497
YHM,43.1713,-79.9294
YHN,49.1931,-84.7589
YHO,55.4488,-60.2281
YHP,52.1133,-94.2556
YHR,50.4683,-59.6378
YHS,49.4606,-123.7190
YHT,60.7892,-137.5460
YHU,45.5175,-73.4169
YHY,60.8397,-115.7830
YHZ,44.8808,-63.5086
YIA,-7.9053,110.0573
YIB,48.7739,-91.6386
YIC,27.8025,114.3062
YIE,47.3106,119.9117
YIF,51.2117,-58.6583
YIG,50.3923,-125.1372
YIH,30.5541,111.4826
YIK,62.4173,-77.9253
YIN,43.9558,81.3303
YIO,72.6895,-77.9689
YIP,42.2379,-83.5304
YIV,53.8572,-94.6536
YIW,29.3421,120.0312
YJA,52.9964,-118.0602
YJF,60.2358,-123.4690
YJN,45.2944,-73.2811
YJP,53.3192,-117.7530
YJS,41.9071,128.4098
YKA,50.7030,-120.4486
YKC,58.2361,-103.6780
YKD,44.2014,-81.6067
YKE,54.9153,-94.7981
YKF,43.4608,-80.3786
YKG,60.0272,-69.9992
YKH,40.5425,122.3586
YKJ,57.2561,-105.6180
YKK,53.8000,-130.4330
YKL,54.8053,-66.8053
YKM,46.5682,-120.5440
YKN,42.9167,-97.3859
YKO,37.5497,44.2381
YKQ,51.4733,-78.7583
YKS,62.0933,129.7710
YKT,52.6076,-128.5218
YKU,53.8056,-78.9169
YKX,48.2103,-79.9814
YKY,51.5175,-109.1810
YLB,54.7703,-112.0320
YLC,62.8483,-69.8779
YLD,47.8200,-83.3467
YLE,63.1317,-117.2460
YLG,-28.3553,116.6840
YLH,52.1956,-87.9342
YLI,64.0547,24.7253
YLJ,54.1253,-108.5230
YLK,44.4851,-79.5547
YLL,53.3092,-110.0730
YLP,50.2869,-64.1528
YLQ,47.4097,-72.7889
YLR,56.5133,-99.9853
YLS,49.0303,-77.0172
YLT,82.5173,-62.2830
YLV,40.6319,47.1419
YLW,49.9561,-119.3780
YLX,22.4330,110.1200
YLY,49.1008,-122.6310
YMA,63.6164,-135.8680
YMB,50.1225,-120.7454
YME,48.8569,-67.4533
YMF,48.8922,-123.3922
YMG,49.0839,-85.8606
YMH,52.3028,-55.8474
YMJ,50.3303,-105.5590
YMK,68.4677,73.5967
YML,47.5975,-70.2239
YMM,56.6533,-111.2220
YMN,55.0773,-59.1879
YMO,51.2911,-80.6078
YMP,50.5735,-127.0277
YMS,-5.8938,-76.1182
YMT,49.7719,-74.5281
YMU,50.0714,-124.9836
YMV,71.3242,-79.3569
YMW,46.2728,-75.9906
YMX,45.6795,-74.0387
YNA,50.1901,-61.7890
YNB,24.1442,38.0634
YNC,53.0106,-78.8311
YND,45.5217,-75.5636
YNE,53.9583,-97.8442
YNG,41.2607,-80.6791
YNH,56.0351,-121.9783
YNJ,42.8828,129.4510
YNL,58.2767,-104.0820
YNM,49.7617,-77.8028
YNO,52.4900,-92.9711
YNP,55.9139,-61.1844
YNS,51.6911,-76.1356
YNT,37.6597,120.9781
YNX,63.5936,-110.9060
YNY,38.0605,128.6698
YNZ,33.4283,120.2054
YOA,64.6989,-110.6150
YOC,67.5706,-139.8390
YOD,54.4050,-110.2790
YOE,55.7094,-117.0940
YOG,51.6586,-85.9017
YOH,54.9333,-95.2789
YOI,52.2219,-76.6119
YOJ,58.6214,-117.1650
YOL,9.2576,12.4304
YON,27.2563,91.5146
YOO,43.9228,-78.8950
YOP,58.4914,-119.4080
YOS,44.5903,-80.8375
YOW,45.3225,-75.6692
YPA,53.2142,-105.6730
YPB,49.3219,-124.9310
YPC,69.3608,-124.0755
YPD,45.2575,-79.8297
YPE,56.2269,-117.4470
YPG,49.9031,-98.2738
YPH,58.4719,-78.0769
YPJ,59.2967,-69.5997
YPL,51.4464,-90.2142
YPM,51.8197,-93.9733
YPN,49.8364,-64.2886
YPO,54.9879,-85.4426
YPQ,44.2323,-78.3621
YPR,54.2861,-130.4450
YPS,45.6567,-61.3681
YPT,49.6238,-124.0249
YPW,49.8342,-124.5000
YPX,60.0506,-77.2869
YPY,58.7672,-111.1170
YPZ,54.3764,-125.9510
YQA,44.9754,-79.3065
YQB,46.7911,-71.3933
YQC,61.0464,-69.6178
YQD,53.9714,-101.0910
YQF,52.1822,-113.8940
YQG,42.2756,-82.9556
YQH,60.1168,-128.8220
YQI,43.8269,-66.0881
YQJ,50.0650,-125.2350
YQK,49.7883,-94.3631
YQL,49.6303,-112.8000
YQM,46.1132,-64.6772
YQN,50.1828,-86.6964
YQQ,49.7108,-124.8870
YQR,50.4319,-104.6609
YQS,42.7700,-81.1108
YQT,48.3719,-89.3239
YQU,55.1797,-118.8850
YQV,51.2647,-102.4620
YQW,52.7694,-108.2437
YQX,48.9363,-54.5677
YQY,46.1611,-60.0498
YQZ,53.0261,-122.5100
YRA,64.1161,-117.3100
YRB,74.7169,-94.9694
YRC,50.1234,-124.8430
YRD,52.8237,-126.9650
YRF,53.6825,-57.0423
YRG,54.1797,-58.4575
YRI,47.7644,-69.5847
YRJ,48.5197,-72.2657
YRL,51.0669,-93.7931
YRM,52.4297,-114.9040
YRN,51.6840,-127.2640
YRO,45.4605,-75.6440
YRQ,46.3528,-72.6794
YRR,50.4094,-125.1316
YRS,54.1672,-93.5572
YRT,62.8114,-92.1158
YRV,50.9622,-118.1843
YSA,43.9282,-59.9490
YSB,46.6250,-80.7989
YSC,45.4386,-71.6914
YSD,50.2764,-111.1802
YSE,49.7817,-123.1620
YSF,59.2503,-105.8410
YSG,62.4178,-110.6828
YSH,44.9458,-75.9406
YSI,45.1733,-80.1375
YSJ,45.3161,-65.8903
YSK,56.5369,-79.2502
YSL,47.1571,-67.8362
YSM,60.0203,-111.9620
YSN,50.6828,-119.2290
YSO,54.9105,-59.7851
YSP,48.7553,-86.3444
YSQ,44.9311,124.5521
YST,53.8453,-94.8520
YSU,46.4406,-63.8336
YSV,58.4743,-62.6540
YSX,52.1500,-128.0830
YSY,71.9939,-125.2430
YTA,45.8644,-77.2517
YTB,53.4167,-129.2500
YTD,55.3189,-97.7078
YTE,64.2300,-76.5267
YTF,48.5089,-71.6419
YTG,50.8854,-126.8311
YTH,55.8011,-97.8642
YTL,53.8178,-89.8969
YTM,46.4094,-74.7800
YTP,49.1550,-125.9100
YTQ,58.6678,-69.9558
YTR,44.1189,-77.5281
YTS,48.5697,-81.3767
YTT,52.8367,-104.0670
YTW,36.8085,81.7827
YTY,32.5634,119.7198
YTZ,43.6279,-79.3955
YUA,25.7375,101.8820
YUB,69.4333,-133.0260
YUD,56.5361,-76.5183
YUE,-22.2542,131.7820
YUK,39.2023,46.4552
YUL,45.4678,-73.7423
YUM,32.6509,-114.6094
YUS,32.8364,97.0364
YUT,66.5210,-86.2252
YUX,68.7761,-81.2425
YUY,48.2061,-78.8356
YVB,48.0711,-65.4603
YVC,55.1514,-105.2620
YVD,-7.5480,146.1880
YVE,50.2462,-119.3310
YVG,53.3577,-110.8274
YVM,67.5466,-64.0314
YVO,48.0533,-77.7828
YVP,58.0961,-68.4269
YVQ,65.2816,-126.7980
YVR,49.1939,-123.1840
YVT,55.8419,-108.4180
YVV,44.7458,-81.1072
YVZ,52.6556,-94.0612
YWA,45.9522,-77.3192
YWB,61.5886,-71.9294
YWG,49.9100,-97.2399
YWH,48.4238,-123.3720
YWJ,65.2111,-123.4360
YWK,52.9219,-66.8644
YWL,52.1831,-122.0540
YWM,52.5674,-55.7849
YWP,52.9594,-87.3749
YWQ,49.9434,-71.1380
YWR,48.6269,-85.2233
YWS,50.1436,-122.9490
YWY,63.2094,-123.4370
YXC,49.6108,-115.7820
YXE,52.1707,-106.7008
YXH,50.0189,-110.7210
YXJ,56.2381,-120.7400
YXK,48.4776,-68.4963
YXL,50.1139,-91.9053
YXN,62.2400,-92.5981
YXP,66.1449,-65.7136
YXQ,62.4103,-140.8670
YXR,47.6974,-79.8473
YXS,53.8843,-122.6666
YXT,54.4685,-128.5760
YXU,43.0328,-81.1490
YXX,49.0253,-122.3610
YXY,60.7085,-135.0657
YXZ,47.9667,-84.7867
YYA,29.3117,113.2816
YYB,46.3636,-79.4228
YYC,51.1188,-114.0099
YYD,54.8247,-127.1830
YYE,58.8364,-122.5970
YYF,49.4631,-119.6020
YYG,46.2889,-63.1252
YYH,69.5467,-93.5767
YYJ,48.6472,-123.4278
YYL,56.8639,-101.0760
YYM,49.6364,-114.0940
YYN,50.2919,-107.6910
YYQ,58.7392,-94.0650
YYR,53.3192,-60.4258
YYT,47.6186,-52.7519
YYU,49.4116,-82.4696
YYW,50.2903,-88.9097
YYY,48.6086,-68.2081
YYZ,43.6759,-79.6294
YZA,50.7753,-121.3213
YZE,45.8853,-82.5678
YZF,62.4628,-114.4400
YZG,62.1794,-75.6672
YZH,55.2929,-114.7773
YZP,53.2543,-131.8140
YZR,42.9994,-82.3089
YZS,64.1933,-83.3594
YZT,50.6806,-127.3670
YZU,54.1439,-115.7870
YZV,50.2233,-66.2656
YZW,60.1728,-132.7430
YZX,44.9844,-64.9169
YZY,38.8019,100.6750
YZZ,49.0556,-117.6090
ZAC,56.0894,-96.0892
ZAD,44.0970,15.3536
ZAG,45.7429,16.0688
ZAH,29.4757,60.9062
ZAL,-39.6500,-73.0861
ZAM,6.9224,122.0600
ZAO,44.3514,1.4753
ZAR,11.1302,7.6858
ZAT,27.2058,103.6915
ZAZ,41.6662,-1.0415
ZBE,49.9283,18.0756
ZBF,47.6297,-65.7389
ZBL,-24.3208,150.5096
ZBM,45.2908,-72.7414
ZBO,-20.0180,148.2152
ZBR,25.4432,60.3822
ZBY,19.2436,101.7093
ZCL,22.8949,-102.6872
ZCO,-38.9259,-72.6515
ZDM,31.9112,35.2076
ZDY,24.5100,52.3352
ZEC,-26.5241,29.1701
ZEG,-5.6907,139.3504
ZEL,52.1850,-128.1570
ZEM,52.2264,-78.5225
ZEN,-6.9522,146.6163
ZER,27.5883,93.8281
ZFA,62.2075,-133.3760
ZFD,59.3344,-107.1820
ZFL,43.0885,81.2230
ZFM,67.4070,-134.8602
ZFN,64.9095,-125.5703
ZFU,-23.4086,-46.3306
ZFW,56.0814,-118.4350
ZGF,49.0156,-118.4310
ZGI,54.8397,-94.0786
ZGL,-25.6746,142.0892
ZGM,-15.9658,25.9333
ZGN,22.5193,113.3613
ZGR,52.0454,-95.4662
ZGS,50.2596,-60.6744
ZGU,-14.2181,167.5870
ZHA,21.4817,110.5903
ZHM,24.3983,91.9169
ZHP,55.3936,-116.4750
ZHY,37.5731,105.1545
ZIA,55.5533,38.1500
ZIC,-38.2456,-72.3486
ZIG,12.5556,-16.2833
ZIH,17.6018,-101.4606
ZIS,31.7749,12.2501
ZIX,66.7965,123.3610
ZIZ,26.7109,67.6672
ZJG,54.5189,-98.0461
ZJN,52.1206,-101.2360
ZKB,-8.5250,30.6630
ZKE,52.2825,-81.6778
ZKG,50.1958,-61.2658
ZKL,29.3765,104.6258
ZKP,65.7485,150.8889
ZLO,19.1448,-104.5590
ZLR,-35.8617,-71.5486
ZLT,50.8308,-58.9756
ZLX,12.9437,23.5631
ZMD,-9.1160,-68.6108
ZMH,51.7361,-121.3330
ZMM,20.0450,-102.2760
ZMT,54.0275,-132.1250
ZNA,49.1698,-123.9338
ZNC,60.9807,-159.9940
ZND,13.7790,8.9838
ZNE,-23.4178,119.8030
ZNU,51.8628,-127.8694
ZNZ,-6.2220,39.2249
ZOE,49.4865,8.3892
ZOF,52.3667,-127.7170
ZOS,-40.6112,-73.0610
ZPB,53.8909,-92.1959
ZPC,-39.2928,-71.9159
ZPH,28.2282,-82.1559
ZPO,55.5281,-106.5820
ZQN,-45.0192,168.7464
ZQS,53.2528,-132.0742
ZQW,49.2094,7.4006
ZQZ,40.7387,114.9334
ZRH,47.4581,8.5481
ZRI,-1.8284,136.0624
ZRJ,52.9436,-91.3128
ZRM,-1.8731,138.7533
ZSA,24.0630,-74.5232
ZSE,-21.3194,55.4225
ZSJ,53.0642,-93.3444
ZSS,4.9289,-6.1332
ZST,55.9354,-129.9824
ZSW,54.3333,-130.2830
ZTA,-20.7843,-138.5680
ZTB,50.6744,-59.3836
ZTH,37.7509,20.8843
ZTM,55.8636,-92.0811
ZTR,50.2706,28.7386
ZTS,49.9200,-126.6550
ZTU,41.5578,46.6695
ZUC,49.4282,-91.7204
ZUD,-41.9043,-73.7966
ZUH,22.0064,113.3760
ZUL,26.3500,44.8330
ZUM,53.5619,-64.1064
ZVA,-19.5628,45.4508
ZVG,-17.7869,127.6700
ZVK,16.5566,104.7600
ZWA,-14.6517,49.6206
ZWL,58.1069,-103.1720
ZXT,40.4949,49.9771
ZYI,27.8107,107.2472
ZYL,24.9640,91.8647
ZZE,39.1144,46.7439
ZZO,50.6699,142.7601
ZZU,-11.4447,34.0118
ZZV,39.9444,-81.8921
